signature,n,denominator,share
test | tests | support_only | backend_agnostic,133,5649,0.023543990086741014
test | tests | support_only | amd_rocm,132,5649,0.02336696760488582
bugfix | production_code+tests | serving_api | backend_agnostic,131,5649,0.023189945123030624
documentation | documentation_examples | support_only | backend_agnostic,125,5649,0.022127810231899452
bugfix | production_code | model_implementation | backend_agnostic,96,5649,0.016994158258098777
bugfix | production_code | input_processing_multimodal | backend_agnostic,70,5649,0.012391573729863693
ci | ci | support_only | amd_rocm,68,5649,0.012037528766153301
bugfix | production_code | serving_api | backend_agnostic,64,5649,0.011329438838732518
test | tests | support_only | nvidia_cuda,61,5649,0.010798371393166932
bugfix | production_code+tests | kv_cache_data_movement | backend_agnostic,61,5649,0.010798371393166932
bugfix | production_code+tests | input_processing_multimodal | backend_agnostic,52,5649,0.009205169056470171
ci | ci | support_only | backend_agnostic,45,5649,0.007966011683483803
ci | ci | support_only | nvidia_cuda,43,5649,0.007611966719773411
feature | production_code+tests | serving_api | backend_agnostic,38,5649,0.006726854310497433
bugfix | production_code | model_loading_layers | backend_agnostic,36,5649,0.006372809346787042
bugfix | production_code | kv_cache_data_movement | backend_agnostic,36,5649,0.006372809346787042
ci | ci | support_only | intel_xpu,35,5649,0.006195786864931847
bugfix | production_code | attention | nvidia_cuda,33,5649,0.005841741901221455
ci | ci+tests | support_only | amd_rocm,31,5649,0.005487696937511064
feature | production_code+tests | kv_cache_data_movement | backend_agnostic,30,5649,0.0053106744556558685
bugfix | production_code | worker_model_runner | backend_agnostic,29,5649,0.005133651973800672
build | build | support_only | nvidia_cuda,29,5649,0.005133651973800672
build | build | support_only | amd_rocm,28,5649,0.004956629491945477
documentation | documentation_examples | support_only | nvidia_cuda,22,5649,0.0038944946008143033
bugfix | production_code+tests | compilation | backend_agnostic,22,5649,0.0038944946008143033
test | tests | support_only | amd_rocm+nvidia_cuda,21,5649,0.0037174721189591076
maintenance | developer_tooling | support_only | backend_agnostic,21,5649,0.0037174721189591076
bugfix | benchmarks | support_only | backend_agnostic,20,5649,0.0035404496371039124
build | build | support_only | backend_agnostic,19,5649,0.0033634271552487167
bugfix | production_code | kernels_operators+moe | nvidia_cuda,19,5649,0.0033634271552487167
bugfix | production_code+tests | model_implementation | backend_agnostic,19,5649,0.0033634271552487167
bugfix | build | support_only | nvidia_cuda,18,5649,0.003186404673393521
bugfix | production_code | attention | amd_rocm,18,5649,0.003186404673393521
bugfix | production_code+tests | other | backend_agnostic,18,5649,0.003186404673393521
feature | production_code | serving_api | backend_agnostic,18,5649,0.003186404673393521
bugfix | production_code+tests | input_processing_multimodal+serving_api | backend_agnostic,18,5649,0.003186404673393521
bugfix | production_code | compilation | backend_agnostic,18,5649,0.003186404673393521
performance | production_code | kernels_operators+moe | nvidia_cuda,18,5649,0.003186404673393521
refactor | production_code | serving_api | backend_agnostic,18,5649,0.003186404673393521
test | tests | support_only | intel_xpu,17,5649,0.0030093821915383252
bugfix | production_code+tests | model_loading_layers | backend_agnostic,17,5649,0.0030093821915383252
bugfix | production_code | moe+quantization | nvidia_cuda,16,5649,0.0028323597096831295
bugfix | production_code | speculative_decoding | backend_agnostic,16,5649,0.0028323597096831295
feature | production_code+tests | kv_cache_data_movement | cpu,16,5649,0.0028323597096831295
bugfix | production_code | reliability_observability | backend_agnostic,15,5649,0.0026553372278279343
bugfix | production_code | model_implementation+speculative_decoding | backend_agnostic,15,5649,0.0026553372278279343
bugfix | production_code | kernels_operators+quantization | nvidia_cuda,14,5649,0.0024783147459727386
test | ci+tests | support_only | amd_rocm,14,5649,0.0024783147459727386
bugfix | production_code | attention+kernels_operators | nvidia_cuda,13,5649,0.002301292264117543
ci | ci | support_only | cpu,13,5649,0.002301292264117543
bugfix | production_code | input_processing_multimodal+model_implementation | backend_agnostic,13,5649,0.002301292264117543
performance | production_code | kernels_operators+quantization | nvidia_cuda,13,5649,0.002301292264117543
refactor | production_code+tests | input_processing_multimodal | backend_agnostic,13,5649,0.002301292264117543
feature | documentation_examples+production_code+tests | input_processing_multimodal+model_implementation | backend_agnostic,13,5649,0.002301292264117543
feature | production_code | kv_cache_data_movement | backend_agnostic,12,5649,0.002124269782262347
bugfix | production_code | model_implementation | nvidia_cuda,12,5649,0.002124269782262347
refactor | production_code+tests | serving_api | backend_agnostic,12,5649,0.002124269782262347
build | build | support_only | google_tpu,12,5649,0.002124269782262347
bugfix | production_code | moe | nvidia_cuda,12,5649,0.002124269782262347
performance | production_code | attention+kernels_operators | amd_rocm,12,5649,0.002124269782262347
refactor | production_code | input_processing_multimodal | backend_agnostic,12,5649,0.002124269782262347
bugfix | production_code+tests | input_processing_multimodal+model_implementation | backend_agnostic,12,5649,0.002124269782262347
feature | production_code+tests | kernels_operators+moe+quantization | nvidia_cuda,12,5649,0.002124269782262347
performance | production_code | compilation | backend_agnostic,11,5649,0.0019472473004071517
bugfix | production_code | distributed_execution | backend_agnostic,11,5649,0.0019472473004071517
performance | production_code | model_implementation | backend_agnostic,11,5649,0.0019472473004071517
bugfix | production_code | distributed_execution | nvidia_cuda,11,5649,0.0019472473004071517
bugfix | production_code | attention | backend_agnostic,11,5649,0.0019472473004071517
bugfix | production_code+tests | kv_cache_data_movement+scheduler | backend_agnostic,11,5649,0.0019472473004071517
bugfix | production_code+tests | sampling | backend_agnostic,10,5649,0.0017702248185519562
bugfix | production_code | kernels_operators+moe+quantization | nvidia_cuda,10,5649,0.0017702248185519562
bugfix | production_code | engine | backend_agnostic,10,5649,0.0017702248185519562
performance | production_code+tests | kv_cache_data_movement | backend_agnostic,10,5649,0.0017702248185519562
performance | production_code+tests | input_processing_multimodal | backend_agnostic,10,5649,0.0017702248185519562
performance | production_code | worker_model_runner | backend_agnostic,10,5649,0.0017702248185519562
bugfix | production_code | quantization | amd_rocm,10,5649,0.0017702248185519562
bugfix | build | support_only | amd_rocm,10,5649,0.0017702248185519562
build | build+ci | support_only | amd_rocm,10,5649,0.0017702248185519562
feature | production_code+tests | input_processing_multimodal+serving_api | backend_agnostic,10,5649,0.0017702248185519562
feature | documentation_examples+production_code+tests | kv_cache_data_movement | backend_agnostic,10,5649,0.0017702248185519562
test | ci+tests | support_only | nvidia_cuda,10,5649,0.0017702248185519562
ci | ci | support_only | amd_rocm+nvidia_cuda,10,5649,0.0017702248185519562
bugfix | production_code | quantization | nvidia_cuda,10,5649,0.0017702248185519562
bugfix | production_code+tests | attention | nvidia_cuda,10,5649,0.0017702248185519562
ci | ci+tests | support_only | nvidia_cuda,10,5649,0.0017702248185519562
bugfix | production_code | distributed_execution+engine | backend_agnostic,9,5649,0.0015932023366967605
ci | build+ci | support_only | amd_rocm,9,5649,0.0015932023366967605
bugfix | production_code | moe | backend_agnostic,9,5649,0.0015932023366967605
feature | production_code | kernels_operators+quantization | intel_xpu,9,5649,0.0015932023366967605
bugfix | production_code | speculative_decoding+worker_model_runner | backend_agnostic,9,5649,0.0015932023366967605
performance | production_code+tests | kernels_operators+quantization | nvidia_cuda,9,5649,0.0015932023366967605
bugfix | production_code | model_implementation+quantization | backend_agnostic,9,5649,0.0015932023366967605
feature | documentation_examples+production_code+tests | compilation+model_implementation | nvidia_cuda,9,5649,0.0015932023366967605
bugfix | production_code+tests | kv_cache_data_movement | cpu,9,5649,0.0015932023366967605
feature | production_code+tests | input_processing_multimodal | backend_agnostic,9,5649,0.0015932023366967605
bugfix | production_code | sampling | backend_agnostic,9,5649,0.0015932023366967605
refactor | production_code | model_loading_layers | backend_agnostic,8,5649,0.0014161798548415648
bugfix | production_code+tests | worker_model_runner | backend_agnostic,8,5649,0.0014161798548415648
test | tests | support_only | cpu,8,5649,0.0014161798548415648
documentation | documentation_examples | support_only | intel_xpu,8,5649,0.0014161798548415648
feature | documentation_examples+production_code+tests | model_implementation | backend_agnostic,8,5649,0.0014161798548415648
bugfix | production_code+tests | distributed_execution | backend_agnostic,8,5649,0.0014161798548415648
feature | benchmarks | support_only | backend_agnostic,8,5649,0.0014161798548415648
bugfix | production_code+tests | scheduler | backend_agnostic,8,5649,0.0014161798548415648
documentation | documentation_examples | support_only | cpu,8,5649,0.0014161798548415648
bugfix | production_code | moe+quantization | amd_rocm,8,5649,0.0014161798548415648
bugfix | production_code | compilation+worker_model_runner | backend_agnostic,8,5649,0.0014161798548415648
bugfix | production_code | attention+kernels_operators | amd_rocm,8,5649,0.0014161798548415648
bugfix | production_code | lora | backend_agnostic,8,5649,0.0014161798548415648
bugfix | production_code | moe | amd_rocm,8,5649,0.0014161798548415648
maintenance | production_code | reliability_observability | backend_agnostic,7,5649,0.0012391573729863693
bugfix | production_code+tests | engine | backend_agnostic,7,5649,0.0012391573729863693
refactor | production_code | worker_model_runner | backend_agnostic,7,5649,0.0012391573729863693
performance | production_code | attention | backend_agnostic,7,5649,0.0012391573729863693
bugfix | production_code+tests | speculative_decoding | backend_agnostic,7,5649,0.0012391573729863693
bugfix | production_code | model_loading_layers+quantization | backend_agnostic,7,5649,0.0012391573729863693
build | build+ci | support_only | intel_xpu,7,5649,0.0012391573729863693
refactor | production_code+tests | kv_cache_data_movement | cpu,7,5649,0.0012391573729863693
build | build | support_only | intel_xpu,7,5649,0.0012391573729863693
bugfix | production_code+tests | kernels_operators+moe+quantization | nvidia_cuda,7,5649,0.0012391573729863693
feature | production_code | model_implementation | backend_agnostic,7,5649,0.0012391573729863693
bugfix | production_code | compilation | amd_rocm,7,5649,0.0012391573729863693
feature | production_code | model_implementation+speculative_decoding | backend_agnostic,7,5649,0.0012391573729863693
refactor | production_code+tests | kv_cache_data_movement | backend_agnostic,7,5649,0.0012391573729863693
bugfix | production_code | kernels_operators+quantization | amd_rocm,7,5649,0.0012391573729863693
bugfix | production_code | device_platform | cpu,7,5649,0.0012391573729863693
bugfix | production_code+tests | lora | backend_agnostic,7,5649,0.0012391573729863693
bugfix | production_code | worker_model_runner | cpu,7,5649,0.0012391573729863693
performance | production_code | model_loading_layers | backend_agnostic,7,5649,0.0012391573729863693
bugfix | documentation_examples | support_only | backend_agnostic,7,5649,0.0012391573729863693
documentation | documentation_examples | support_only | amd_rocm,7,5649,0.0012391573729863693
feature | production_code+tests | worker_model_runner | backend_agnostic,6,5649,0.0010621348911311736
bugfix | production_code | distributed_execution+moe | nvidia_cuda,6,5649,0.0010621348911311736
refactor | production_code | kv_cache_data_movement | backend_agnostic,6,5649,0.0010621348911311736
bugfix | production_code+tests | moe+quantization | nvidia_cuda,6,5649,0.0010621348911311736
bugfix | production_code | model_implementation+model_loading_layers | backend_agnostic,6,5649,0.0010621348911311736
other | documentation_examples+production_code+tests | model_implementation | backend_agnostic,6,5649,0.0010621348911311736
refactor | production_code+tests | input_processing_multimodal+serving_api | backend_agnostic,6,5649,0.0010621348911311736
bugfix | production_code | kernels_operators | nvidia_cuda,6,5649,0.0010621348911311736
bugfix | production_code | configuration_shared_infrastructure | backend_agnostic,6,5649,0.0010621348911311736
ci | ci+tests | support_only | amd_rocm+nvidia_cuda,6,5649,0.0010621348911311736
refactor | production_code | model_implementation | backend_agnostic,6,5649,0.0010621348911311736
bugfix | production_code | compilation+distributed_execution | nvidia_cuda,6,5649,0.0010621348911311736
bugfix | production_code | compilation | nvidia_cuda,6,5649,0.0010621348911311736
bugfix | production_code | attention+kernels_operators | cpu,6,5649,0.0010621348911311736
bugfix | production_code | kv_cache_data_movement+worker_model_runner | backend_agnostic,6,5649,0.0010621348911311736
bugfix | production_code | model_loading_layers | nvidia_cuda,6,5649,0.0010621348911311736
feature | documentation_examples+production_code+tests | serving_api | backend_agnostic,6,5649,0.0010621348911311736
bugfix | documentation_examples+production_code+tests | serving_api | backend_agnostic,6,5649,0.0010621348911311736
feature | documentation_examples+production_code+tests | input_processing_multimodal+serving_api | backend_agnostic,6,5649,0.0010621348911311736
performance | production_code | attention | amd_rocm,6,5649,0.0010621348911311736
build | build+ci | support_only | nvidia_cuda,6,5649,0.0010621348911311736
performance | production_code | kernels_operators+moe | amd_rocm,6,5649,0.0010621348911311736
performance | production_code | attention | nvidia_cuda,6,5649,0.0010621348911311736
bugfix | production_code | kernels_operators | amd_rocm,6,5649,0.0010621348911311736
performance | production_code | kernels_operators | amd_rocm,6,5649,0.0010621348911311736
bugfix | production_code | compilation+speculative_decoding+worker_model_runner | backend_agnostic,5,5649,0.0008851124092759781
bugfix | production_code+tests | attention | amd_rocm,5,5649,0.0008851124092759781
refactor | production_code | sampling | backend_agnostic,5,5649,0.0008851124092759781
feature | production_code+tests | kv_cache_data_movement+reliability_observability | cpu,5,5649,0.0008851124092759781
bugfix | documentation_examples+production_code+tests | kv_cache_data_movement | backend_agnostic,5,5649,0.0008851124092759781
bugfix | production_code | kernels_operators+moe+quantization | amd_rocm,5,5649,0.0008851124092759781
documentation | developer_tooling+documentation_examples | support_only | backend_agnostic,5,5649,0.0008851124092759781
documentation | documentation_examples | support_only | amd_rocm+nvidia_cuda,5,5649,0.0008851124092759781
bugfix | benchmarks | support_only | nvidia_cuda,5,5649,0.0008851124092759781
bugfix | production_code | device_platform | intel_xpu,5,5649,0.0008851124092759781
feature | production_code | reliability_observability | backend_agnostic,5,5649,0.0008851124092759781
bugfix | production_code+tests | reliability_observability | backend_agnostic,5,5649,0.0008851124092759781
bugfix | production_code | kernels_operators+quantization | amd_rocm+nvidia_cuda,5,5649,0.0008851124092759781
ci | ci | support_only | amd_rocm+cpu+nvidia_cuda,5,5649,0.0008851124092759781
bugfix | production_code | attention+model_implementation | backend_agnostic,5,5649,0.0008851124092759781
bugfix | production_code+tests | model_implementation+speculative_decoding | backend_agnostic,5,5649,0.0008851124092759781
refactor | production_code | input_processing_multimodal+model_implementation | backend_agnostic,5,5649,0.0008851124092759781
bugfix | production_code | model_implementation+quantization | nvidia_cuda,5,5649,0.0008851124092759781
performance | production_code+tests | attention+kernels_operators | nvidia_cuda,5,5649,0.0008851124092759781
performance | production_code | kv_cache_data_movement | backend_agnostic,5,5649,0.0008851124092759781
feature | production_code | attention+kernels_operators | cpu,5,5649,0.0008851124092759781
bugfix | production_code+tests | kernels_operators+moe | nvidia_cuda,5,5649,0.0008851124092759781
bugfix | production_code | quantization | backend_agnostic,5,5649,0.0008851124092759781
bugfix | production_code | kernels_operators+quantization | intel_xpu,5,5649,0.0008851124092759781
bugfix | build | support_only | backend_agnostic,5,5649,0.0008851124092759781
performance | production_code | kernels_operators+model_implementation | nvidia_cuda,5,5649,0.0008851124092759781
build | build | support_only | cpu,5,5649,0.0008851124092759781
test | ci+tests | support_only | backend_agnostic,5,5649,0.0008851124092759781
bugfix | production_code+tests | quantization | backend_agnostic,5,5649,0.0008851124092759781
bugfix | production_code | worker_model_runner | nvidia_cuda,5,5649,0.0008851124092759781
bugfix | production_code | scheduler | backend_agnostic,5,5649,0.0008851124092759781
performance | production_code | input_processing_multimodal | backend_agnostic,5,5649,0.0008851124092759781
bugfix | production_code | kernels_operators+moe | amd_rocm,5,5649,0.0008851124092759781
feature | production_code | model_loading_layers | backend_agnostic,4,5649,0.0007080899274207824
ci | ci+developer_tooling | support_only | backend_agnostic,4,5649,0.0007080899274207824
performance | production_code+tests | kernels_operators+moe | nvidia_cuda,4,5649,0.0007080899274207824
bugfix | production_code | kernels_operators+moe | intel_xpu,4,5649,0.0007080899274207824
performance | production_code | kernels_operators | nvidia_cuda,4,5649,0.0007080899274207824
maintenance | production_code | serving_api | backend_agnostic,4,5649,0.0007080899274207824
test | ci+tests | support_only | amd_rocm+nvidia_cuda,4,5649,0.0007080899274207824
bugfix | production_code+tests | kv_cache_data_movement | amd_rocm,4,5649,0.0007080899274207824
ci | developer_tooling | support_only | backend_agnostic,4,5649,0.0007080899274207824
bugfix | production_code | compilation+model_implementation | backend_agnostic,4,5649,0.0007080899274207824
refactor | production_code | distributed_execution+worker_model_runner | backend_agnostic,4,5649,0.0007080899274207824
bugfix | production_code+tests | moe+quantization | amd_rocm,4,5649,0.0007080899274207824
ci | ci | support_only | amd_rocm+cpu,4,5649,0.0007080899274207824
bugfix | production_code+tests | sampling+serving_api | backend_agnostic,4,5649,0.0007080899274207824
refactor | production_code+tests | model_implementation | backend_agnostic,4,5649,0.0007080899274207824
bugfix | production_code | lora+model_implementation | backend_agnostic,4,5649,0.0007080899274207824
bugfix | production_code | input_processing_multimodal+serving_api | backend_agnostic,4,5649,0.0007080899274207824
feature | production_code | device_platform | intel_xpu,4,5649,0.0007080899274207824
bugfix | production_code | moe+quantization | backend_agnostic,4,5649,0.0007080899274207824
bugfix | production_code+tests | speculative_decoding+worker_model_runner | backend_agnostic,4,5649,0.0007080899274207824
performance | production_code | speculative_decoding+worker_model_runner | backend_agnostic,4,5649,0.0007080899274207824
performance | production_code | sampling | backend_agnostic,4,5649,0.0007080899274207824
feature | documentation_examples+production_code+tests | input_processing_multimodal+model_implementation+model_loading_layers | backend_agnostic,4,5649,0.0007080899274207824
bugfix | build+production_code | kernels_operators | cpu,4,5649,0.0007080899274207824
refactor | production_code | moe+quantization | nvidia_cuda,4,5649,0.0007080899274207824
bugfix | production_code | attention+kernels_operators | intel_xpu,4,5649,0.0007080899274207824
performance | production_code | attention+kernels_operators | backend_agnostic,4,5649,0.0007080899274207824
bugfix | production_code | other | backend_agnostic,4,5649,0.0007080899274207824
bugfix | production_code+tests | compilation | nvidia_cuda,4,5649,0.0007080899274207824
bugfix | production_code | model_implementation+moe | backend_agnostic,4,5649,0.0007080899274207824
bugfix | production_code | model_loading_layers+quantization | nvidia_cuda,4,5649,0.0007080899274207824
feature | production_code | input_processing_multimodal+serving_api | backend_agnostic,4,5649,0.0007080899274207824
feature | production_code | quantization | nvidia_cuda,4,5649,0.0007080899274207824
bugfix | production_code | model_implementation+quantization+speculative_decoding | backend_agnostic,4,5649,0.0007080899274207824
feature | production_code+tests | attention | backend_agnostic,4,5649,0.0007080899274207824
bugfix | production_code | model_implementation+moe | nvidia_cuda,4,5649,0.0007080899274207824
ci | ci+tests | support_only | backend_agnostic,4,5649,0.0007080899274207824
bugfix | production_code+tests | quantization | amd_rocm,4,5649,0.0007080899274207824
feature | production_code | compilation | backend_agnostic,4,5649,0.0007080899274207824
bugfix | production_code+tests | kv_cache_data_movement+reliability_observability | backend_agnostic,4,5649,0.0007080899274207824
feature | production_code+tests | model_implementation+speculative_decoding | backend_agnostic,4,5649,0.0007080899274207824
feature | production_code+tests | input_processing_multimodal+model_implementation | backend_agnostic,4,5649,0.0007080899274207824
bugfix | production_code | kernels_operators+moe | backend_agnostic,4,5649,0.0007080899274207824
test | ci+tests | support_only | intel_xpu,4,5649,0.0007080899274207824
bugfix | production_code+tests | model_implementation+model_loading_layers | backend_agnostic,4,5649,0.0007080899274207824
bugfix | build | support_only | intel_xpu,4,5649,0.0007080899274207824
feature | production_code+tests | engine+serving_api | backend_agnostic,4,5649,0.0007080899274207824
performance | production_code | kernels_operators+moe+quantization | nvidia_cuda,4,5649,0.0007080899274207824
performance | production_code+tests | kernels_operators+moe | amd_rocm+nvidia_cuda,4,5649,0.0007080899274207824
performance | production_code | attention+kernels_operators | nvidia_cuda,4,5649,0.0007080899274207824
maintenance | production_code | model_implementation | backend_agnostic,4,5649,0.0007080899274207824
performance | production_code+tests | compilation | backend_agnostic,4,5649,0.0007080899274207824
bugfix | production_code | kv_cache_data_movement | nvidia_cuda,4,5649,0.0007080899274207824
bugfix | production_code | attention+device_platform | amd_rocm,4,5649,0.0007080899274207824
bugfix | production_code | attention+worker_model_runner | nvidia_cuda,4,5649,0.0007080899274207824
bugfix | production_code | device_platform | amd_rocm,4,5649,0.0007080899274207824
bugfix | production_code | model_loading_layers | google_tpu,4,5649,0.0007080899274207824
bugfix | production_code | model_implementation | amd_rocm,4,5649,0.0007080899274207824
feature | production_code | moe+quantization | intel_xpu,4,5649,0.0007080899274207824
feature | production_code+tests | moe+quantization | nvidia_cuda,3,5649,0.0005310674455655868
bugfix | production_code | compilation+kernels_operators | amd_rocm,3,5649,0.0005310674455655868
build | build+documentation_examples | support_only | cpu,3,5649,0.0005310674455655868
other | documentation_examples+production_code+tests | input_processing_multimodal+model_implementation | backend_agnostic,3,5649,0.0005310674455655868
bugfix | production_code | compilation+kv_cache_data_movement+worker_model_runner | backend_agnostic,3,5649,0.0005310674455655868
ci | build+ci | support_only | backend_agnostic,3,5649,0.0005310674455655868
feature | production_code+tests | kernels_operators+moe | nvidia_cuda,3,5649,0.0005310674455655868
feature | build+production_code | kernels_operators+quantization | cpu,3,5649,0.0005310674455655868
bugfix | production_code | lora+moe | backend_agnostic,3,5649,0.0005310674455655868
maintenance | developer_tooling+documentation_examples | support_only | backend_agnostic,3,5649,0.0005310674455655868
refactor | production_code+tests | configuration_shared_infrastructure | backend_agnostic,3,5649,0.0005310674455655868
bugfix | production_code+tests | model_implementation | amd_rocm,3,5649,0.0005310674455655868
feature | documentation_examples+production_code | model_implementation | backend_agnostic,3,5649,0.0005310674455655868
bugfix | production_code | reliability_observability+serving_api | backend_agnostic,3,5649,0.0005310674455655868
bugfix | production_code | model_implementation+model_loading_layers+quantization | nvidia_cuda,3,5649,0.0005310674455655868
performance | production_code | moe | nvidia_cuda,3,5649,0.0005310674455655868
bugfix | production_code | compilation+device_platform | intel_xpu,3,5649,0.0005310674455655868
feature | production_code | kv_cache_data_movement+reliability_observability | backend_agnostic,3,5649,0.0005310674455655868
refactor | build+production_code | kernels_operators+quantization | nvidia_cuda,3,5649,0.0005310674455655868
performance | production_code | attention+compilation | amd_rocm,3,5649,0.0005310674455655868
bugfix | production_code+tests | kernels_operators+quantization | nvidia_cuda,3,5649,0.0005310674455655868
performance | production_code | kernels_operators+model_implementation+moe | amd_rocm,3,5649,0.0005310674455655868
refactor | production_code | kernels_operators+quantization | amd_rocm+nvidia_cuda,3,5649,0.0005310674455655868
refactor | production_code+tests | moe | backend_agnostic,3,5649,0.0005310674455655868
performance | production_code+tests | worker_model_runner | backend_agnostic,3,5649,0.0005310674455655868
bugfix | documentation_examples+production_code | attention | amd_rocm,3,5649,0.0005310674455655868
bugfix | production_code+tests | distributed_execution+worker_model_runner | backend_agnostic,3,5649,0.0005310674455655868
refactor | production_code | compilation | backend_agnostic,3,5649,0.0005310674455655868
performance | production_code+tests | kernels_operators | nvidia_cuda,3,5649,0.0005310674455655868
refactor | production_code+tests | configuration_shared_infrastructure+serving_api | backend_agnostic,3,5649,0.0005310674455655868
test | tests | support_only | amd_rocm+intel_xpu,3,5649,0.0005310674455655868
feature | production_code+tests | sampling+serving_api | backend_agnostic,3,5649,0.0005310674455655868
feature | production_code+tests | reliability_observability | backend_agnostic,3,5649,0.0005310674455655868
bugfix | production_code | compilation | cpu,3,5649,0.0005310674455655868
performance | production_code | serving_api | backend_agnostic,3,5649,0.0005310674455655868
bugfix | production_code | compilation+moe | nvidia_cuda,3,5649,0.0005310674455655868
refactor | production_code+tests | distributed_execution+moe | backend_agnostic,3,5649,0.0005310674455655868
performance | production_code | kernels_operators+sampling | backend_agnostic,3,5649,0.0005310674455655868
test | documentation_examples+tests | support_only | backend_agnostic,3,5649,0.0005310674455655868
build | build | support_only | amd_rocm+nvidia_cuda,3,5649,0.0005310674455655868
bugfix | production_code+tests | moe | nvidia_cuda,3,5649,0.0005310674455655868
performance | build | support_only | nvidia_cuda,3,5649,0.0005310674455655868
bugfix | production_code | attention+model_implementation | nvidia_cuda,3,5649,0.0005310674455655868
feature | production_code | kernels_operators+moe+quantization | nvidia_cuda,3,5649,0.0005310674455655868
bugfix | production_code+tests | configuration_shared_infrastructure+serving_api | backend_agnostic,3,5649,0.0005310674455655868
bugfix | production_code | moe | cpu,3,5649,0.0005310674455655868
build | build | support_only | amd_rocm+cpu+intel_xpu+nvidia_cuda,3,5649,0.0005310674455655868
performance | production_code | attention+kernels_operators | cpu,3,5649,0.0005310674455655868
bugfix | production_code+tests | moe | backend_agnostic,3,5649,0.0005310674455655868
feature | benchmarks+documentation_examples | support_only | backend_agnostic,3,5649,0.0005310674455655868
bugfix | documentation_examples+production_code | kv_cache_data_movement | amd_rocm,3,5649,0.0005310674455655868
feature | production_code+tests | other | backend_agnostic,3,5649,0.0005310674455655868
bugfix | production_code+tests | compilation | amd_rocm+nvidia_cuda,3,5649,0.0005310674455655868
performance | production_code | speculative_decoding | backend_agnostic,3,5649,0.0005310674455655868
bugfix | production_code | kernels_operators+sampling | backend_agnostic,3,5649,0.0005310674455655868
bugfix | production_code | attention+compilation | nvidia_cuda,3,5649,0.0005310674455655868
bugfix | production_code+tests | attention+kv_cache_data_movement+worker_model_runner | backend_agnostic,3,5649,0.0005310674455655868
feature | production_code+tests | quantization | nvidia_cuda,3,5649,0.0005310674455655868
performance | production_code+tests | kernels_operators+model_loading_layers | amd_rocm,3,5649,0.0005310674455655868
performance | production_code+tests | attention+model_implementation | nvidia_cuda,3,5649,0.0005310674455655868
feature | documentation_examples+production_code | input_processing_multimodal | backend_agnostic,3,5649,0.0005310674455655868
bugfix | production_code | distributed_execution+worker_model_runner | intel_xpu,3,5649,0.0005310674455655868
performance | production_code+tests | attention+kernels_operators | amd_rocm,3,5649,0.0005310674455655868
ci | tests | support_only | backend_agnostic,3,5649,0.0005310674455655868
bugfix | benchmarks+documentation_examples | support_only | backend_agnostic,3,5649,0.0005310674455655868
performance | production_code | moe+quantization | nvidia_cuda,3,5649,0.0005310674455655868
bugfix | production_code | kernels_operators+kv_cache_data_movement | nvidia_cuda,3,5649,0.0005310674455655868
bugfix | production_code | kernels_operators+model_implementation | backend_agnostic,3,5649,0.0005310674455655868
refactor | production_code | distributed_execution | backend_agnostic,3,5649,0.0005310674455655868
refactor | production_code | model_implementation+model_loading_layers | backend_agnostic,3,5649,0.0005310674455655868
feature | production_code | kernels_operators+moe | nvidia_cuda,3,5649,0.0005310674455655868
feature | production_code+tests | kernels_operators+quantization | nvidia_cuda,3,5649,0.0005310674455655868
feature | production_code+tests | attention | nvidia_cuda,3,5649,0.0005310674455655868
bugfix | production_code+tests | engine+serving_api | backend_agnostic,3,5649,0.0005310674455655868
bugfix | production_code | model_implementation+speculative_decoding | nvidia_cuda,3,5649,0.0005310674455655868
bugfix | production_code | distributed_execution | cpu,3,5649,0.0005310674455655868
bugfix | documentation_examples | support_only | amd_rocm,3,5649,0.0005310674455655868
performance | production_code | compilation | nvidia_cuda,3,5649,0.0005310674455655868
documentation | documentation_examples+tests | support_only | backend_agnostic,3,5649,0.0005310674455655868
bugfix | production_code+tests | model_loading_layers | amd_rocm,3,5649,0.0005310674455655868
performance | production_code+tests | serving_api | backend_agnostic,3,5649,0.0005310674455655868
feature | build+production_code+tests | serving_api | backend_agnostic,3,5649,0.0005310674455655868
bugfix | production_code | distributed_execution+worker_model_runner | backend_agnostic,3,5649,0.0005310674455655868
bugfix | production_code | kernels_operators | backend_agnostic,3,5649,0.0005310674455655868
maintenance | production_code | other | backend_agnostic,3,5649,0.0005310674455655868
feature | documentation_examples+production_code+tests | model_implementation+model_loading_layers | backend_agnostic,3,5649,0.0005310674455655868
bugfix | production_code+tests | compilation+worker_model_runner | nvidia_cuda,3,5649,0.0005310674455655868
bugfix | production_code+tests | kv_cache_data_movement | nvidia_cuda,3,5649,0.0005310674455655868
bugfix | production_code+tests | kv_cache_data_movement+worker_model_runner | backend_agnostic,3,5649,0.0005310674455655868
refactor | production_code+tests | other | backend_agnostic,3,5649,0.0005310674455655868
feature | production_code+tests | kv_cache_data_movement+reliability_observability | backend_agnostic,3,5649,0.0005310674455655868
documentation | developer_tooling | support_only | backend_agnostic,3,5649,0.0005310674455655868
refactor | production_code+tests | moe+quantization | amd_rocm,3,5649,0.0005310674455655868
bugfix | production_code | kernels_operators | amd_rocm+nvidia_cuda,3,5649,0.0005310674455655868
bugfix | production_code | kv_cache_data_movement | cpu,3,5649,0.0005310674455655868
feature | documentation_examples+production_code+tests | kv_cache_data_movement | cpu,3,5649,0.0005310674455655868
feature | ci+production_code | kernels_operators+quantization | intel_xpu,3,5649,0.0005310674455655868
refactor | production_code | input_processing_multimodal+serving_api | backend_agnostic,3,5649,0.0005310674455655868
feature | production_code | kernels_operators+moe+quantization | amd_rocm,2,5649,0.0003540449637103912
ci | build+ci+tests | support_only | nvidia_cuda,2,5649,0.0003540449637103912
performance | production_code+tests | scheduler | backend_agnostic,2,5649,0.0003540449637103912
bugfix | production_code | distributed_execution+speculative_decoding+worker_model_runner | backend_agnostic,2,5649,0.0003540449637103912
bugfix | production_code | attention+device_platform | intel_xpu,2,5649,0.0003540449637103912
maintenance | production_code | worker_model_runner | backend_agnostic,2,5649,0.0003540449637103912
feature | production_code+tests | compilation+kernels_operators | backend_agnostic,2,5649,0.0003540449637103912
performance | production_code | attention+kernels_operators+kv_cache_data_movement+model_implementation | nvidia_cuda,2,5649,0.0003540449637103912
bugfix | production_code+tests | attention+kernels_operators | nvidia_cuda,2,5649,0.0003540449637103912
feature | production_code+tests | kv_cache_data_movement+worker_model_runner | backend_agnostic,2,5649,0.0003540449637103912
feature | production_code | attention+speculative_decoding | amd_rocm,2,5649,0.0003540449637103912
bugfix | production_code+tests | kernels_operators+kv_cache_data_movement+worker_model_runner | backend_agnostic,2,5649,0.0003540449637103912
performance | production_code | compilation+model_implementation | nvidia_cuda,2,5649,0.0003540449637103912
performance | production_code+tests | kv_cache_data_movement+worker_model_runner | backend_agnostic,2,5649,0.0003540449637103912
performance | production_code+tests | compilation | nvidia_cuda,2,5649,0.0003540449637103912
feature | production_code | kernels_operators+speculative_decoding+worker_model_runner | backend_agnostic,2,5649,0.0003540449637103912
bugfix | production_code | worker_model_runner | amd_rocm,2,5649,0.0003540449637103912
performance | production_code+tests | compilation | amd_rocm,2,5649,0.0003540449637103912
performance | build+ci | support_only | amd_rocm,2,5649,0.0003540449637103912
performance | production_code | attention+compilation+kernels_operators | amd_rocm,2,5649,0.0003540449637103912
feature | production_code+tests | model_implementation+model_loading_layers | backend_agnostic,2,5649,0.0003540449637103912
bugfix | benchmarks+production_code | other | backend_agnostic,2,5649,0.0003540449637103912
refactor | production_code | attention | cpu,2,5649,0.0003540449637103912
feature | documentation_examples+production_code | attention+kernels_operators | amd_rocm,2,5649,0.0003540449637103912
feature | benchmarks+documentation_examples+production_code+tests | other | backend_agnostic,2,5649,0.0003540449637103912
bugfix | production_code | sampling+worker_model_runner | backend_agnostic,2,5649,0.0003540449637103912
bugfix | production_code+tests | lora+serving_api | backend_agnostic,2,5649,0.0003540449637103912
bugfix | production_code+tests | moe+quantization | backend_agnostic,2,5649,0.0003540449637103912
feature | build+production_code+tests | serving_api | amd_rocm,2,5649,0.0003540449637103912
refactor | production_code | model_implementation | nvidia_cuda,2,5649,0.0003540449637103912
performance | production_code+tests | distributed_execution+moe | nvidia_cuda,2,5649,0.0003540449637103912
bugfix | production_code | kernels_operators+kv_cache_data_movement+worker_model_runner | backend_agnostic,2,5649,0.0003540449637103912
bugfix | production_code | kernels_operators+model_loading_layers | amd_rocm+nvidia_cuda,2,5649,0.0003540449637103912
bugfix | production_code | kv_cache_data_movement | amd_rocm+nvidia_cuda,2,5649,0.0003540449637103912
bugfix | production_code | compilation+device_platform | amd_rocm,2,5649,0.0003540449637103912
refactor | documentation_examples+production_code | serving_api | backend_agnostic,2,5649,0.0003540449637103912
bugfix | production_code+tests | input_processing_multimodal+sampling+serving_api | backend_agnostic,2,5649,0.0003540449637103912
bugfix | production_code | kv_cache_data_movement | amd_rocm,2,5649,0.0003540449637103912
bugfix | production_code | attention+kv_cache_data_movement | nvidia_cuda,2,5649,0.0003540449637103912
performance | benchmarks+production_code+tests | other | backend_agnostic,2,5649,0.0003540449637103912
feature | ci+production_code+tests | model_implementation+speculative_decoding | nvidia_cuda,2,5649,0.0003540449637103912
build | build+developer_tooling | support_only | nvidia_cuda,2,5649,0.0003540449637103912
refactor | production_code+tests | worker_model_runner | backend_agnostic,2,5649,0.0003540449637103912
bugfix | production_code+tests | configuration_shared_infrastructure | backend_agnostic,2,5649,0.0003540449637103912
performance | production_code | kernels_operators+model_loading_layers | amd_rocm,2,5649,0.0003540449637103912
bugfix | production_code+tests | attention+kernels_operators+speculative_decoding+worker_model_runner | nvidia_cuda,2,5649,0.0003540449637103912
bugfix | production_code | compilation+speculative_decoding+worker_model_runner | nvidia_cuda,2,5649,0.0003540449637103912
refactor | production_code | attention | nvidia_cuda,2,5649,0.0003540449637103912
bugfix | production_code | quantization | amd_rocm+nvidia_cuda,2,5649,0.0003540449637103912
feature | production_code+tests | kv_cache_data_movement | amd_rocm+nvidia_cuda,2,5649,0.0003540449637103912
performance | production_code | kernels_operators+model_implementation | amd_rocm,2,5649,0.0003540449637103912
feature | production_code | speculative_decoding | backend_agnostic,2,5649,0.0003540449637103912
documentation | developer_tooling+documentation_examples | support_only | nvidia_cuda,2,5649,0.0003540449637103912
bugfix | build+production_code+tests | serving_api | backend_agnostic,2,5649,0.0003540449637103912
feature | production_code+tests | kv_cache_data_movement | cpu+nvidia_cuda,2,5649,0.0003540449637103912
bugfix | benchmarks+tests | support_only | backend_agnostic,2,5649,0.0003540449637103912
bugfix | production_code | sampling | cpu,2,5649,0.0003540449637103912
bugfix | production_code+tests | kernels_operators | amd_rocm,2,5649,0.0003540449637103912
performance | production_code | attention+model_implementation | backend_agnostic,2,5649,0.0003540449637103912
bugfix | production_code | model_implementation | intel_xpu,2,5649,0.0003540449637103912
build | build | support_only | amd_rocm+intel_xpu+nvidia_cuda,2,5649,0.0003540449637103912
bugfix | production_code+tests | attention+kernels_operators | amd_rocm,2,5649,0.0003540449637103912
feature | production_code | model_implementation+moe | backend_agnostic,2,5649,0.0003540449637103912
performance | production_code | worker_model_runner | nvidia_cuda,2,5649,0.0003540449637103912
bugfix | production_code+tests | compilation+model_implementation+worker_model_runner | nvidia_cuda,2,5649,0.0003540449637103912
performance | production_code | moe | backend_agnostic,2,5649,0.0003540449637103912
bugfix | build+production_code+tests | input_processing_multimodal | backend_agnostic,2,5649,0.0003540449637103912
bugfix | production_code | kernels_operators+lora | intel_xpu,2,5649,0.0003540449637103912
bugfix | production_code | device_platform | nvidia_cuda,2,5649,0.0003540449637103912
ci | build+ci | support_only | cpu,2,5649,0.0003540449637103912
bugfix | production_code+tests | model_implementation+quantization | nvidia_cuda,2,5649,0.0003540449637103912
bugfix | production_code | kernels_operators+moe | amd_rocm+nvidia_cuda,2,5649,0.0003540449637103912
feature | build+production_code | device_platform+kernels_operators | cpu,2,5649,0.0003540449637103912
performance | production_code | input_processing_multimodal | cpu,2,5649,0.0003540449637103912
performance | production_code | kernels_operators | intel_xpu,2,5649,0.0003540449637103912
bugfix | production_code | kernels_operators+model_loading_layers | nvidia_cuda,2,5649,0.0003540449637103912
bugfix | build+production_code | device_platform | cpu,2,5649,0.0003540449637103912
build | build+tests | support_only | nvidia_cuda,2,5649,0.0003540449637103912
feature | production_code+tests | moe+quantization | amd_rocm,2,5649,0.0003540449637103912
bugfix | production_code | compilation+worker_model_runner | nvidia_cuda,2,5649,0.0003540449637103912
bugfix | production_code | model_implementation+quantization+speculative_decoding | nvidia_cuda,2,5649,0.0003540449637103912
bugfix | production_code | serving_api | cpu,2,5649,0.0003540449637103912
bugfix | production_code | compilation+kernels_operators+moe | amd_rocm,2,5649,0.0003540449637103912
performance | production_code+tests | kernels_operators+moe+quantization | amd_rocm,2,5649,0.0003540449637103912
refactor | production_code | worker_model_runner | nvidia_cuda,2,5649,0.0003540449637103912
bugfix | production_code+tests | kv_cache_data_movement+speculative_decoding | backend_agnostic,2,5649,0.0003540449637103912
refactor | production_code | attention+kv_cache_data_movement | backend_agnostic,2,5649,0.0003540449637103912
bugfix | production_code+tests | kernels_operators+moe | amd_rocm,2,5649,0.0003540449637103912
bugfix | production_code | distributed_execution | intel_xpu,2,5649,0.0003540449637103912
refactor | ci+documentation_examples+production_code+tests | serving_api | amd_rocm+nvidia_cuda,2,5649,0.0003540449637103912
feature | build+ci+production_code+tests | kernels_operators+moe+quantization | nvidia_cuda,2,5649,0.0003540449637103912
bugfix | production_code | moe+quantization | intel_xpu,2,5649,0.0003540449637103912
feature | production_code+tests | model_loading_layers | backend_agnostic,2,5649,0.0003540449637103912
build | production_code | kernels_operators+moe | nvidia_cuda,2,5649,0.0003540449637103912
bugfix | production_code+tests | kv_cache_data_movement+speculative_decoding+worker_model_runner | backend_agnostic,2,5649,0.0003540449637103912
bugfix | production_code | kernels_operators+speculative_decoding | backend_agnostic,2,5649,0.0003540449637103912
bugfix | production_code+tests | model_implementation+serving_api | backend_agnostic,2,5649,0.0003540449637103912
performance | build | support_only | backend_agnostic,2,5649,0.0003540449637103912
performance | production_code+tests | compilation+distributed_execution+kernels_operators+quantization | nvidia_cuda,2,5649,0.0003540449637103912
feature | benchmarks+production_code+tests | other | backend_agnostic,2,5649,0.0003540449637103912
performance | production_code | engine | backend_agnostic,2,5649,0.0003540449637103912
bugfix | production_code+tests | model_loading_layers+speculative_decoding | backend_agnostic,2,5649,0.0003540449637103912
refactor | production_code | kernels_operators+quantization | nvidia_cuda,2,5649,0.0003540449637103912
bugfix | production_code | attention+kernels_operators+model_implementation | amd_rocm,2,5649,0.0003540449637103912
refactor | production_code+tests | model_loading_layers | backend_agnostic,2,5649,0.0003540449637103912
performance | production_code | kernels_operators+quantization | cpu,2,5649,0.0003540449637103912
bugfix | production_code | kv_cache_data_movement+worker_model_runner | cpu,2,5649,0.0003540449637103912
bugfix | production_code+tests | distributed_execution+moe | nvidia_cuda,2,5649,0.0003540449637103912
bugfix | production_code+tests | sampling+worker_model_runner | backend_agnostic,2,5649,0.0003540449637103912
refactor | production_code | attention+kv_cache_data_movement | amd_rocm,2,5649,0.0003540449637103912
bugfix | documentation_examples+production_code+tests | model_implementation | backend_agnostic,2,5649,0.0003540449637103912
feature | production_code | kernels_operators+quantization | nvidia_cuda,2,5649,0.0003540449637103912
feature | production_code+tests | model_implementation+moe+quantization | nvidia_cuda,2,5649,0.0003540449637103912
bugfix | production_code+tests | configuration_shared_infrastructure | nvidia_cuda,2,5649,0.0003540449637103912
feature | production_code+tests | kernels_operators+kv_cache_data_movement+speculative_decoding+worker_model_runner | backend_agnostic,2,5649,0.0003540449637103912
bugfix | build+production_code | kernels_operators+moe | nvidia_cuda,2,5649,0.0003540449637103912
bugfix | production_code+tests | distributed_execution+kernels_operators | amd_rocm,2,5649,0.0003540449637103912
feature | developer_tooling+documentation_examples+production_code+tests | attention | nvidia_cuda,2,5649,0.0003540449637103912
documentation | documentation_examples | support_only | amd_rocm+intel_xpu+nvidia_cuda,2,5649,0.0003540449637103912
feature | production_code+tests | input_processing_multimodal+worker_model_runner | backend_agnostic,2,5649,0.0003540449637103912
performance | production_code+tests | attention+kernels_operators+model_implementation | nvidia_cuda,2,5649,0.0003540449637103912
feature | documentation_examples+production_code | serving_api | backend_agnostic,2,5649,0.0003540449637103912
bugfix | production_code+tests | kernels_operators | nvidia_cuda,2,5649,0.0003540449637103912
performance | production_code | kernels_operators+moe | backend_agnostic,2,5649,0.0003540449637103912
build | build+production_code | quantization | nvidia_cuda,2,5649,0.0003540449637103912
build | build+ci | support_only | amd_rocm+cpu+nvidia_cuda,2,5649,0.0003540449637103912
ci | ci+tests | support_only | cpu,2,5649,0.0003540449637103912
refactor | production_code | kv_cache_data_movement | cpu,2,5649,0.0003540449637103912
feature | production_code+tests | kernels_operators | nvidia_cuda,2,5649,0.0003540449637103912
bugfix | production_code | engine+kv_cache_data_movement | backend_agnostic,2,5649,0.0003540449637103912
feature | production_code | engine | backend_agnostic,2,5649,0.0003540449637103912
feature | production_code | distributed_execution+worker_model_runner | backend_agnostic,2,5649,0.0003540449637103912
performance | production_code+tests | kv_cache_data_movement | cpu,2,5649,0.0003540449637103912
performance | production_code | compilation+distributed_execution | nvidia_cuda,2,5649,0.0003540449637103912
feature | build+production_code+tests | compilation+kernels_operators+quantization | amd_rocm,2,5649,0.0003540449637103912
feature | benchmarks+build+production_code+tests | other+serving_api | backend_agnostic,2,5649,0.0003540449637103912
performance | production_code | model_implementation+moe | nvidia_cuda,2,5649,0.0003540449637103912
feature | production_code | kernels_operators+model_implementation+moe+quantization | amd_rocm,2,5649,0.0003540449637103912
feature | build+production_code | kernels_operators+moe+quantization | intel_xpu,2,5649,0.0003540449637103912
refactor | build+production_code | attention+kernels_operators+moe | nvidia_cuda,2,5649,0.0003540449637103912
refactor | build+production_code | kernels_operators+moe+quantization | nvidia_cuda,2,5649,0.0003540449637103912
bugfix | production_code | distributed_execution+engine+reliability_observability | backend_agnostic,2,5649,0.0003540449637103912
bugfix | production_code | worker_model_runner | amd_rocm+nvidia_cuda,2,5649,0.0003540449637103912
feature | production_code | device_platform | amd_rocm,2,5649,0.0003540449637103912
bugfix | production_code | compilation+distributed_execution+moe | backend_agnostic,2,5649,0.0003540449637103912
performance | production_code | attention+kernels_operators | intel_xpu,2,5649,0.0003540449637103912
feature | production_code | compilation+distributed_execution | nvidia_cuda,2,5649,0.0003540449637103912
feature | build+production_code+tests | engine+serving_api | backend_agnostic,2,5649,0.0003540449637103912
refactor | documentation_examples+production_code+tests | serving_api | backend_agnostic,2,5649,0.0003540449637103912
bugfix | build | support_only | cpu,2,5649,0.0003540449637103912
bugfix | production_code+tests | engine+input_processing_multimodal | backend_agnostic,2,5649,0.0003540449637103912
build | build+ci | support_only | cpu,2,5649,0.0003540449637103912
ci | build+ci | support_only | intel_xpu,2,5649,0.0003540449637103912
ci | ci | support_only | cpu+nvidia_cuda,2,5649,0.0003540449637103912
refactor | production_code+tests | moe+quantization | amd_rocm+nvidia_cuda,2,5649,0.0003540449637103912
feature | production_code | input_processing_multimodal+model_implementation | backend_agnostic,2,5649,0.0003540449637103912
bugfix | documentation_examples+production_code+tests | input_processing_multimodal+model_implementation | backend_agnostic,2,5649,0.0003540449637103912
bugfix | production_code | attention | cpu,2,5649,0.0003540449637103912
ci | build | support_only | amd_rocm,2,5649,0.0003540449637103912
performance | benchmarks | support_only | backend_agnostic,2,5649,0.0003540449637103912
bugfix | build+tests | support_only | nvidia_cuda,2,5649,0.0003540449637103912
performance | production_code+tests | attention+kernels_operators+model_implementation | amd_rocm,2,5649,0.0003540449637103912
feature | production_code | speculative_decoding+worker_model_runner | backend_agnostic,2,5649,0.0003540449637103912
bugfix | production_code | sampling | intel_xpu,2,5649,0.0003540449637103912
feature | benchmarks+documentation_examples+production_code | input_processing_multimodal | backend_agnostic,2,5649,0.0003540449637103912
refactor | production_code+tests | engine+input_processing_multimodal+serving_api | backend_agnostic,2,5649,0.0003540449637103912
build | build+developer_tooling | support_only | amd_rocm,2,5649,0.0003540449637103912
performance | production_code+tests | kernels_operators+model_implementation | nvidia_cuda,2,5649,0.0003540449637103912
bugfix | production_code | model_implementation+moe | amd_rocm+intel_xpu+nvidia_cuda,2,5649,0.0003540449637103912
refactor | production_code | configuration_shared_infrastructure | backend_agnostic,2,5649,0.0003540449637103912
bugfix | production_code+tests | lora+model_implementation | backend_agnostic,2,5649,0.0003540449637103912
performance | production_code+tests | compilation+kernels_operators+worker_model_runner | backend_agnostic,2,5649,0.0003540449637103912
feature | production_code+tests | kv_cache_data_movement | amd_rocm,2,5649,0.0003540449637103912
maintenance | production_code | attention | amd_rocm,2,5649,0.0003540449637103912
feature | production_code+tests | kernels_operators+quantization | amd_rocm,2,5649,0.0003540449637103912
bugfix | production_code | worker_model_runner | intel_xpu,2,5649,0.0003540449637103912
bugfix | production_code | kernels_operators+quantization | cpu,2,5649,0.0003540449637103912
bugfix | production_code+tests | attention+kernels_operators | intel_xpu,2,5649,0.0003540449637103912
build | build | support_only | amd_rocm+cpu+nvidia_cuda,2,5649,0.0003540449637103912
bugfix | production_code | attention | amd_rocm+nvidia_cuda,2,5649,0.0003540449637103912
feature | documentation_examples+production_code+tests | model_implementation+serving_api | backend_agnostic,2,5649,0.0003540449637103912
feature | production_code+tests | quantization | intel_xpu+nvidia_cuda,2,5649,0.0003540449637103912
bugfix | production_code+tests | serving_api | amd_rocm,2,5649,0.0003540449637103912
bugfix | ci+production_code | kernels_operators+model_implementation | amd_rocm,2,5649,0.0003540449637103912
documentation | documentation_examples | support_only | other,2,5649,0.0003540449637103912
maintenance | production_code | attention | backend_agnostic,2,5649,0.0003540449637103912
bugfix | production_code | distributed_execution | amd_rocm,2,5649,0.0003540449637103912
performance | production_code | attention+kernels_operators+model_implementation | backend_agnostic,2,5649,0.0003540449637103912
bugfix | production_code | moe+worker_model_runner | backend_agnostic,2,5649,0.0003540449637103912
bugfix | production_code | configuration_shared_infrastructure | nvidia_cuda,2,5649,0.0003540449637103912
feature | production_code+tests | moe+quantization | amd_rocm+nvidia_cuda,2,5649,0.0003540449637103912
feature | production_code+tests | distributed_execution+kv_cache_data_movement | backend_agnostic,2,5649,0.0003540449637103912
bugfix | production_code | kernels_operators | cpu,2,5649,0.0003540449637103912
bugfix | production_code | attention+kernels_operators | amd_rocm+nvidia_cuda,2,5649,0.0003540449637103912
bugfix | build+tests | support_only | amd_rocm,2,5649,0.0003540449637103912
bugfix | production_code | kernels_operators+model_loading_layers | backend_agnostic,2,5649,0.0003540449637103912
refactor | production_code | quantization | backend_agnostic,2,5649,0.0003540449637103912
feature | production_code | configuration_shared_infrastructure | backend_agnostic,2,5649,0.0003540449637103912
refactor | production_code | engine | backend_agnostic,2,5649,0.0003540449637103912
feature | documentation_examples+production_code | reliability_observability | backend_agnostic,2,5649,0.0003540449637103912
documentation | documentation_examples | support_only | cpu+nvidia_cuda,2,5649,0.0003540449637103912
bugfix | production_code+tests | attention+device_platform+distributed_execution+engine+kv_cache_data_movement+worker_model_runner | nvidia_cuda,2,5649,0.0003540449637103912
ci | documentation_examples | support_only | backend_agnostic,2,5649,0.0003540449637103912
performance | production_code | model_implementation+moe | backend_agnostic,2,5649,0.0003540449637103912
bugfix | production_code+tests | attention | backend_agnostic,2,5649,0.0003540449637103912
feature | production_code | attention | backend_agnostic,2,5649,0.0003540449637103912
build | build+ci+documentation_examples | support_only | nvidia_cuda,2,5649,0.0003540449637103912
bugfix | production_code | model_implementation+model_loading_layers+quantization | backend_agnostic,2,5649,0.0003540449637103912
feature | production_code+tests | kernels_operators+moe+quantization | amd_rocm+nvidia_cuda,2,5649,0.0003540449637103912
refactor | production_code | model_loading_layers+quantization | backend_agnostic,2,5649,0.0003540449637103912
feature | production_code | moe+quantization | nvidia_cuda,2,5649,0.0003540449637103912
performance | production_code+tests | lora | backend_agnostic,2,5649,0.0003540449637103912
performance | production_code | distributed_execution+model_implementation+speculative_decoding | backend_agnostic,2,5649,0.0003540449637103912
build | build+documentation_examples | support_only | intel_xpu,2,5649,0.0003540449637103912
maintenance | documentation_examples+production_code+tests | model_implementation | backend_agnostic,2,5649,0.0003540449637103912
bugfix | production_code | distributed_execution+worker_model_runner | nvidia_cuda,2,5649,0.0003540449637103912
refactor | benchmarks | support_only | backend_agnostic,2,5649,0.0003540449637103912
test | build+tests | support_only | amd_rocm,2,5649,0.0003540449637103912
refactor | production_code+tests | engine | backend_agnostic,2,5649,0.0003540449637103912
performance | benchmarks+production_code | kernels_operators+moe | nvidia_cuda,2,5649,0.0003540449637103912
feature | production_code+tests | kernels_operators+speculative_decoding+worker_model_runner | backend_agnostic,2,5649,0.0003540449637103912
performance | production_code | attention+compilation | nvidia_cuda,2,5649,0.0003540449637103912
feature | production_code+tests | model_implementation+serving_api | backend_agnostic,2,5649,0.0003540449637103912
performance | production_code | scheduler | backend_agnostic,2,5649,0.0003540449637103912
refactor | production_code | quantization | nvidia_cuda,2,5649,0.0003540449637103912
performance | production_code | compilation+worker_model_runner | backend_agnostic,2,5649,0.0003540449637103912
performance | build+production_code | kernels_operators+model_implementation+moe | nvidia_cuda,2,5649,0.0003540449637103912
feature | documentation_examples+production_code+tests | input_processing_multimodal+model_implementation+serving_api | backend_agnostic,2,5649,0.0003540449637103912
performance | production_code+tests | kernels_operators+speculative_decoding | backend_agnostic,2,5649,0.0003540449637103912
build | build+documentation_examples | support_only | backend_agnostic,2,5649,0.0003540449637103912
bugfix | production_code | distributed_execution+moe | backend_agnostic,2,5649,0.0003540449637103912
bugfix | documentation_examples+production_code+tests | input_processing_multimodal | backend_agnostic,2,5649,0.0003540449637103912
feature | documentation_examples+production_code | lora+model_implementation | backend_agnostic,2,5649,0.0003540449637103912
ci | build+ci | support_only | nvidia_cuda,2,5649,0.0003540449637103912
refactor | production_code | reliability_observability | backend_agnostic,2,5649,0.0003540449637103912
performance | production_code | kernels_operators+worker_model_runner | nvidia_cuda,2,5649,0.0003540449637103912
bugfix | production_code+tests | attention+speculative_decoding+worker_model_runner | backend_agnostic,2,5649,0.0003540449637103912
bugfix | production_code+tests | engine+kv_cache_data_movement+scheduler | backend_agnostic,2,5649,0.0003540449637103912
feature | documentation_examples+production_code | attention | nvidia_cuda,2,5649,0.0003540449637103912
feature | documentation_examples+tests | support_only | backend_agnostic,2,5649,0.0003540449637103912
documentation | documentation_examples | support_only | google_tpu,2,5649,0.0003540449637103912
bugfix | production_code+tests | kernels_operators+moe | amd_rocm+nvidia_cuda,2,5649,0.0003540449637103912
performance | production_code | kernels_operators+quantization | amd_rocm,2,5649,0.0003540449637103912
bugfix | production_code+tests | kernels_operators+moe | backend_agnostic,2,5649,0.0003540449637103912
ci | build+ci+tests | support_only | amd_rocm,2,5649,0.0003540449637103912
bugfix | production_code+tests | kernels_operators+speculative_decoding | backend_agnostic,2,5649,0.0003540449637103912
refactor | documentation_examples+production_code+tests | input_processing_multimodal | backend_agnostic,2,5649,0.0003540449637103912
maintenance | production_code | quantization | backend_agnostic,2,5649,0.0003540449637103912
refactor | production_code | kernels_operators+moe+quantization | nvidia_cuda,2,5649,0.0003540449637103912
refactor | production_code | kernels_operators+moe+quantization | amd_rocm+intel_xpu+nvidia_cuda,2,5649,0.0003540449637103912
bugfix | production_code+tests | attention+quantization | nvidia_cuda,2,5649,0.0003540449637103912
test | ci+tests | support_only | cpu,2,5649,0.0003540449637103912
bugfix | production_code | attention+speculative_decoding+worker_model_runner | backend_agnostic,2,5649,0.0003540449637103912
refactor | production_code | serving_api+worker_model_runner | backend_agnostic,2,5649,0.0003540449637103912
feature | production_code | lora+model_implementation | backend_agnostic,2,5649,0.0003540449637103912
feature | production_code+tests | attention+kernels_operators | intel_xpu,1,5649,0.0001770224818551956
bugfix | production_code | compilation | cpu+google_tpu,1,5649,0.0001770224818551956
bugfix | production_code | model_implementation+moe+quantization | nvidia_cuda,1,5649,0.0001770224818551956
performance | ci+production_code+tests | attention+kernels_operators+model_implementation | amd_rocm+nvidia_cuda,1,5649,0.0001770224818551956
bugfix | production_code+tests | model_implementation+model_loading_layers+moe | nvidia_cuda,1,5649,0.0001770224818551956
feature | production_code | attention+speculative_decoding+worker_model_runner | nvidia_cuda,1,5649,0.0001770224818551956
feature | developer_tooling+documentation_examples+production_code+tests | attention+kernels_operators+kv_cache_data_movement+model_implementation | amd_rocm+nvidia_cuda,1,5649,0.0001770224818551956
performance | build+ci | support_only | intel_xpu,1,5649,0.0001770224818551956
feature | production_code | attention+kernels_operators+model_implementation+speculative_decoding+worker_model_runner | nvidia_cuda,1,5649,0.0001770224818551956
bugfix | production_code | speculative_decoding | nvidia_cuda,1,5649,0.0001770224818551956
performance | production_code+tests | compilation+distributed_execution+kernels_operators | amd_rocm,1,5649,0.0001770224818551956
feature | build+production_code+tests | kernels_operators+model_implementation+quantization | amd_rocm+nvidia_cuda,1,5649,0.0001770224818551956
feature | build+documentation_examples+production_code+tests | input_processing_multimodal+serving_api | amd_rocm,1,5649,0.0001770224818551956
performance | production_code+tests | compilation+distributed_execution+kernels_operators+model_loading_layers | nvidia_cuda,1,5649,0.0001770224818551956
feature | benchmarks+documentation_examples | support_only | nvidia_cuda,1,5649,0.0001770224818551956
bugfix | production_code+tests | engine+worker_model_runner | amd_rocm,1,5649,0.0001770224818551956
feature | ci+production_code+tests | kernels_operators+quantization | nvidia_cuda,1,5649,0.0001770224818551956
feature | production_code | model_implementation+model_loading_layers | intel_xpu,1,5649,0.0001770224818551956
feature | production_code | compilation+model_implementation | nvidia_cuda,1,5649,0.0001770224818551956
build | production_code | moe | cpu,1,5649,0.0001770224818551956
refactor | production_code+tests | attention | backend_agnostic,1,5649,0.0001770224818551956
feature | build+ci+production_code+tests | compilation+distributed_execution+kernels_operators+model_implementation+moe+quantization | nvidia_cuda,1,5649,0.0001770224818551956
build | build+documentation_examples | support_only | amd_rocm+cpu+intel_xpu+nvidia_cuda,1,5649,0.0001770224818551956
bugfix | production_code+tests | engine+sampling | backend_agnostic,1,5649,0.0001770224818551956
feature | production_code+tests | sampling | backend_agnostic,1,5649,0.0001770224818551956
refactor | production_code+tests | distributed_execution+kv_cache_data_movement | backend_agnostic,1,5649,0.0001770224818551956
feature | documentation_examples+production_code | kv_cache_data_movement | backend_agnostic,1,5649,0.0001770224818551956
feature | production_code+tests | engine+kv_cache_data_movement+reliability_observability | backend_agnostic,1,5649,0.0001770224818551956
feature | documentation_examples+production_code+tests | kv_cache_data_movement+scheduler | backend_agnostic,1,5649,0.0001770224818551956
bugfix | production_code+tests | sampling | amd_rocm,1,5649,0.0001770224818551956
refactor | production_code+tests | kernels_operators+quantization | nvidia_cuda,1,5649,0.0001770224818551956
performance | build+developer_tooling+documentation_examples | support_only | backend_agnostic,1,5649,0.0001770224818551956
ci | ci+developer_tooling+documentation_examples+production_code+tests | model_loading_layers+moe+quantization | nvidia_cuda,1,5649,0.0001770224818551956
bugfix | build+production_code | kernels_operators | amd_rocm,1,5649,0.0001770224818551956
performance | benchmarks+production_code+tests | kv_cache_data_movement+scheduler | backend_agnostic,1,5649,0.0001770224818551956
feature | production_code+tests | distributed_execution | backend_agnostic,1,5649,0.0001770224818551956
maintenance | benchmarks+ci+documentation_examples+production_code+tests | compilation+distributed_execution+kernels_operators+moe+other+quantization+serving_api | amd_rocm+nvidia_cuda,1,5649,0.0001770224818551956
feature | build+ci+production_code+tests | other | amd_rocm+cpu+intel_xpu+nvidia_cuda,1,5649,0.0001770224818551956
bugfix | ci+production_code+tests | kv_cache_data_movement+scheduler | nvidia_cuda,1,5649,0.0001770224818551956
bugfix | production_code | kernels_operators+model_loading_layers | amd_rocm,1,5649,0.0001770224818551956
feature | build+production_code+tests | reliability_observability | backend_agnostic,1,5649,0.0001770224818551956
performance | build+production_code+tests | kernels_operators+moe+quantization | amd_rocm,1,5649,0.0001770224818551956
feature | benchmarks+documentation_examples+production_code+tests | kv_cache_data_movement | backend_agnostic,1,5649,0.0001770224818551956
bugfix | ci+production_code | kernels_operators+sampling | intel_xpu,1,5649,0.0001770224818551956
build | build+production_code | kernels_operators+quantization | amd_rocm+nvidia_cuda,1,5649,0.0001770224818551956
refactor | production_code | moe | intel_xpu,1,5649,0.0001770224818551956
refactor | documentation_examples+production_code | attention+model_implementation | amd_rocm+nvidia_cuda,1,5649,0.0001770224818551956
refactor | build+developer_tooling+production_code | kernels_operators+moe | amd_rocm+nvidia_cuda,1,5649,0.0001770224818551956
build | build+documentation_examples | support_only | nvidia_cuda,1,5649,0.0001770224818551956
bugfix | benchmarks+tests | support_only | nvidia_cuda,1,5649,0.0001770224818551956
feature | production_code | attention+device_platform+kernels_operators+model_implementation+quantization | intel_xpu,1,5649,0.0001770224818551956
feature | build+production_code | kernels_operators | amd_rocm,1,5649,0.0001770224818551956
documentation | production_code | scheduler | backend_agnostic,1,5649,0.0001770224818551956
feature | ci+production_code+tests | kernels_operators+kv_cache_data_movement | intel_xpu,1,5649,0.0001770224818551956
feature | production_code | attention+model_implementation+model_loading_layers+speculative_decoding+worker_model_runner | backend_agnostic,1,5649,0.0001770224818551956
feature | ci+production_code | moe+quantization | intel_xpu,1,5649,0.0001770224818551956
feature | ci+production_code+tests | device_platform+worker_model_runner | intel_xpu,1,5649,0.0001770224818551956
bugfix | build+production_code | device_platform+kernels_operators+quantization | cpu,1,5649,0.0001770224818551956
refactor | production_code | kernels_operators | cpu,1,5649,0.0001770224818551956
feature | production_code+tests | kv_cache_data_movement+reliability_observability | cpu+nvidia_cuda,1,5649,0.0001770224818551956
ci | developer_tooling+documentation_examples | support_only | backend_agnostic,1,5649,0.0001770224818551956
bugfix | production_code | model_implementation+speculative_decoding | intel_xpu,1,5649,0.0001770224818551956
feature | ci+production_code+tests | device_platform+moe+quantization | cpu,1,5649,0.0001770224818551956
other | benchmarks+ci+documentation_examples+production_code+tests | input_processing_multimodal+model_implementation | amd_rocm,1,5649,0.0001770224818551956
bugfix | production_code | distributed_execution+engine+reliability_observability+scheduler+serving_api+worker_model_runner | backend_agnostic,1,5649,0.0001770224818551956
performance | production_code | input_processing_multimodal+serving_api | cpu,1,5649,0.0001770224818551956
refactor | production_code+tests | engine+serving_api | backend_agnostic,1,5649,0.0001770224818551956
refactor | production_code | attention+kv_cache_data_movement+model_implementation | backend_agnostic,1,5649,0.0001770224818551956
feature | ci+production_code | moe | intel_xpu,1,5649,0.0001770224818551956
bugfix | production_code | model_implementation+moe | intel_xpu,1,5649,0.0001770224818551956
bugfix | production_code | model_implementation+quantization+speculative_decoding | amd_rocm+nvidia_cuda,1,5649,0.0001770224818551956
refactor | production_code+tests | distributed_execution+engine+kv_cache_data_movement+worker_model_runner | backend_agnostic,1,5649,0.0001770224818551956
feature | documentation_examples+production_code+tests | configuration_shared_infrastructure+serving_api | backend_agnostic,1,5649,0.0001770224818551956
bugfix | production_code+tests | lora+worker_model_runner | backend_agnostic,1,5649,0.0001770224818551956
bugfix | benchmarks+production_code+tests | kernels_operators+sampling+speculative_decoding+worker_model_runner | amd_rocm+nvidia_cuda,1,5649,0.0001770224818551956
bugfix | production_code+tests | model_loading_layers+quantization | backend_agnostic,1,5649,0.0001770224818551956
refactor | production_code+tests | model_loading_layers+quantization | backend_agnostic,1,5649,0.0001770224818551956
performance | production_code | attention+compilation | backend_agnostic,1,5649,0.0001770224818551956
refactor | benchmarks+documentation_examples+production_code+tests | compilation+distributed_execution+lora+model_implementation+model_loading_layers+moe+quantization | amd_rocm+nvidia_cuda,1,5649,0.0001770224818551956
bugfix | production_code | model_implementation+model_loading_layers+quantization | amd_rocm,1,5649,0.0001770224818551956
other | benchmarks+documentation_examples+production_code | kv_cache_data_movement | nvidia_cuda,1,5649,0.0001770224818551956
feature | production_code | reliability_observability+worker_model_runner | cpu,1,5649,0.0001770224818551956
feature | production_code | sampling | backend_agnostic,1,5649,0.0001770224818551956
performance | build+ci+production_code+tests | kernels_operators+quantization | amd_rocm+nvidia_cuda,1,5649,0.0001770224818551956
feature | ci+documentation_examples+production_code+tests | attention+kernels_operators+model_implementation | nvidia_cuda,1,5649,0.0001770224818551956
build | build+production_code | configuration_shared_infrastructure+input_processing_multimodal+model_implementation+model_loading_layers+speculative_decoding | backend_agnostic,1,5649,0.0001770224818551956
feature | production_code+tests | device_platform+kernels_operators+quantization | amd_rocm,1,5649,0.0001770224818551956
test | build+tests | support_only | nvidia_cuda,1,5649,0.0001770224818551956
feature | benchmarks+production_code+tests | engine | backend_agnostic,1,5649,0.0001770224818551956
bugfix | production_code+tests | model_implementation+speculative_decoding+worker_model_runner | backend_agnostic,1,5649,0.0001770224818551956
bugfix | production_code+tests | attention+model_implementation | backend_agnostic,1,5649,0.0001770224818551956
feature | production_code | model_implementation+speculative_decoding+worker_model_runner | backend_agnostic,1,5649,0.0001770224818551956
feature | production_code+tests | attention+kernels_operators | backend_agnostic,1,5649,0.0001770224818551956
feature | production_code | attention+compilation+device_platform+distributed_execution | intel_xpu,1,5649,0.0001770224818551956
performance | production_code+tests | input_processing_multimodal+kernels_operators+lora+model_implementation+model_loading_layers+sampling+speculative_decoding+worker_model_runner | backend_agnostic,1,5649,0.0001770224818551956
refactor | production_code+tests | model_implementation+speculative_decoding | amd_rocm+nvidia_cuda,1,5649,0.0001770224818551956
bugfix | documentation_examples+production_code | scheduler | backend_agnostic,1,5649,0.0001770224818551956
refactor | developer_tooling+production_code+tests | attention+kernels_operators+model_implementation | amd_rocm+nvidia_cuda,1,5649,0.0001770224818551956
refactor | ci+production_code | sampling+serving_api | amd_rocm+nvidia_cuda,1,5649,0.0001770224818551956
performance | production_code | kernels_operators+model_implementation+model_loading_layers+moe | nvidia_cuda,1,5649,0.0001770224818551956
refactor | developer_tooling+production_code | attention+model_implementation | amd_rocm+nvidia_cuda,1,5649,0.0001770224818551956
feature | documentation_examples+production_code+tests | worker_model_runner | nvidia_cuda,1,5649,0.0001770224818551956
bugfix | production_code | sampling+speculative_decoding+worker_model_runner | cpu,1,5649,0.0001770224818551956
refactor | production_code+tests | device_platform+model_implementation+quantization+speculative_decoding | amd_rocm+nvidia_cuda,1,5649,0.0001770224818551956
feature | production_code | serving_api+speculative_decoding | backend_agnostic,1,5649,0.0001770224818551956
refactor | production_code+tests | kernels_operators+moe+quantization | amd_rocm,1,5649,0.0001770224818551956
bugfix | production_code | model_implementation+speculative_decoding | amd_rocm+nvidia_cuda,1,5649,0.0001770224818551956
performance | production_code | distributed_execution+kernels_operators+moe+worker_model_runner | nvidia_cuda,1,5649,0.0001770224818551956
refactor | production_code+tests | kernels_operators+moe+quantization | nvidia_cuda,1,5649,0.0001770224818551956
bugfix | production_code+tests | attention+kv_cache_data_movement+model_implementation+speculative_decoding+worker_model_runner | backend_agnostic,1,5649,0.0001770224818551956
feature | ci+production_code+tests | kernels_operators+moe+quantization | cpu,1,5649,0.0001770224818551956
performance | production_code | attention+kernels_operators+worker_model_runner | cpu,1,5649,0.0001770224818551956
feature | production_code | attention+device_platform+kernels_operators+model_loading_layers | cpu,1,5649,0.0001770224818551956
bugfix | production_code | model_implementation+model_loading_layers | google_tpu,1,5649,0.0001770224818551956
bugfix | production_code+tests | input_processing_multimodal+model_loading_layers+worker_model_runner | backend_agnostic,1,5649,0.0001770224818551956
refactor | production_code | attention+compilation+kernels_operators | backend_agnostic,1,5649,0.0001770224818551956
feature | build+ci+production_code | device_platform+worker_model_runner | cpu,1,5649,0.0001770224818551956
build | build | support_only | amd_rocm+google_tpu+intel_xpu,1,5649,0.0001770224818551956
bugfix | production_code+tests | compilation+lora+worker_model_runner | nvidia_cuda,1,5649,0.0001770224818551956
feature | production_code | attention+kernels_operators | intel_xpu,1,5649,0.0001770224818551956
bugfix | production_code | device_platform | amd_rocm+nvidia_cuda,1,5649,0.0001770224818551956
feature | production_code+tests | distributed_execution+reliability_observability+serving_api | backend_agnostic,1,5649,0.0001770224818551956
feature | production_code | kv_cache_data_movement | amd_rocm,1,5649,0.0001770224818551956
refactor | benchmarks+build+ci+developer_tooling+documentation_examples+production_code+tests | distributed_execution+engine+input_processing_multimodal+reliability_observability+serving_api | amd_rocm+cpu+intel_xpu+nvidia_cuda,1,5649,0.0001770224818551956
feature | production_code | distributed_execution+serving_api | cpu,1,5649,0.0001770224818551956
performance | production_code | attention+quantization | amd_rocm+nvidia_cuda,1,5649,0.0001770224818551956
maintenance | production_code | configuration_shared_infrastructure+kernels_operators | nvidia_cuda,1,5649,0.0001770224818551956
feature | build+production_code | device_platform+kernels_operators+model_loading_layers+quantization | amd_rocm+nvidia_cuda,1,5649,0.0001770224818551956
performance | production_code+tests | kernels_operators+kv_cache_data_movement+worker_model_runner | backend_agnostic,1,5649,0.0001770224818551956
performance | production_code | kernels_operators | backend_agnostic,1,5649,0.0001770224818551956
feature | build+ci+documentation_examples+production_code+tests | distributed_execution+engine+serving_api | amd_rocm+cpu+intel_xpu+nvidia_cuda+other,1,5649,0.0001770224818551956
test | benchmarks | support_only | nvidia_cuda,1,5649,0.0001770224818551956
feature | production_code+tests | distributed_execution | amd_rocm,1,5649,0.0001770224818551956
performance | build+production_code+tests | kernels_operators+moe | amd_rocm+nvidia_cuda,1,5649,0.0001770224818551956
maintenance | developer_tooling+documentation_examples | support_only | amd_rocm,1,5649,0.0001770224818551956
bugfix | production_code | distributed_execution+reliability_observability | amd_rocm+nvidia_cuda,1,5649,0.0001770224818551956
bugfix | production_code+tests | sampling+speculative_decoding | backend_agnostic,1,5649,0.0001770224818551956
refactor | production_code+tests | quantization | nvidia_cuda,1,5649,0.0001770224818551956
feature | documentation_examples+production_code+tests | kv_cache_data_movement+serving_api+worker_model_runner | amd_rocm+nvidia_cuda,1,5649,0.0001770224818551956
feature | production_code | attention+device_platform | nvidia_cuda,1,5649,0.0001770224818551956
documentation | build | support_only | backend_agnostic,1,5649,0.0001770224818551956
bugfix | production_code | configuration_shared_infrastructure | cpu,1,5649,0.0001770224818551956
performance | benchmarks+build+production_code | compilation+kernels_operators+model_implementation+moe | nvidia_cuda,1,5649,0.0001770224818551956
feature | build+production_code | quantization | cpu+intel_xpu,1,5649,0.0001770224818551956
bugfix | ci+production_code | kernels_operators+quantization | intel_xpu,1,5649,0.0001770224818551956
bugfix | documentation_examples+production_code+tests | distributed_execution+engine+moe+scheduler+serving_api+worker_model_runner | backend_agnostic,1,5649,0.0001770224818551956
feature | benchmarks+build+documentation_examples+production_code+tests | attention+device_platform+kernels_operators | nvidia_cuda,1,5649,0.0001770224818551956
feature | production_code | kernels_operators+moe | intel_xpu,1,5649,0.0001770224818551956
feature | benchmarks+documentation_examples+production_code+tests | model_loading_layers+moe+quantization+serving_api | amd_rocm+nvidia_cuda,1,5649,0.0001770224818551956
feature | ci+production_code+tests | attention+kv_cache_data_movement+speculative_decoding+worker_model_runner | nvidia_cuda,1,5649,0.0001770224818551956
feature | developer_tooling+documentation_examples+production_code+tests | speculative_decoding+worker_model_runner | backend_agnostic,1,5649,0.0001770224818551956
feature | ci+tests | support_only | nvidia_cuda,1,5649,0.0001770224818551956
performance | build+production_code+tests | kernels_operators+model_implementation+model_loading_layers | amd_rocm+nvidia_cuda,1,5649,0.0001770224818551956
bugfix | production_code | model_implementation+moe+quantization | amd_rocm,1,5649,0.0001770224818551956
performance | production_code+tests | attention+kernels_operators | intel_xpu,1,5649,0.0001770224818551956
performance | production_code | attention | cpu+intel_xpu,1,5649,0.0001770224818551956
bugfix | build+ci | support_only | nvidia_cuda,1,5649,0.0001770224818551956
bugfix | ci+production_code+tests | kv_cache_data_movement | cpu,1,5649,0.0001770224818551956
build | build+production_code | attention+configuration_shared_infrastructure+kernels_operators+model_implementation+quantization | nvidia_cuda,1,5649,0.0001770224818551956
bugfix | production_code+tests | distributed_execution+kv_cache_data_movement | backend_agnostic,1,5649,0.0001770224818551956
test | production_code+tests | distributed_execution+moe | nvidia_cuda,1,5649,0.0001770224818551956
feature | documentation_examples+production_code+tests | kv_cache_data_movement | amd_rocm+cpu+nvidia_cuda,1,5649,0.0001770224818551956
documentation | build | support_only | nvidia_cuda,1,5649,0.0001770224818551956
feature | production_code | device_platform | backend_agnostic,1,5649,0.0001770224818551956
refactor | production_code+tests | kernels_operators+moe+quantization | amd_rocm+nvidia_cuda,1,5649,0.0001770224818551956
build | build+ci+tests | support_only | nvidia_cuda,1,5649,0.0001770224818551956
refactor | benchmarks+documentation_examples+production_code+tests | lora+moe+quantization | nvidia_cuda,1,5649,0.0001770224818551956
refactor | developer_tooling+production_code+tests | serving_api | backend_agnostic,1,5649,0.0001770224818551956
bugfix | production_code | distributed_execution+engine+worker_model_runner | intel_xpu,1,5649,0.0001770224818551956
performance | production_code | compilation | amd_rocm,1,5649,0.0001770224818551956
feature | documentation_examples+production_code+tests | lora+moe+serving_api | backend_agnostic,1,5649,0.0001770224818551956
bugfix | production_code+tests | kernels_operators+lora+moe | nvidia_cuda,1,5649,0.0001770224818551956
bugfix | production_code | model_implementation+quantization | ascend_npu,1,5649,0.0001770224818551956
performance | production_code | compilation | cpu,1,5649,0.0001770224818551956
feature | production_code | reliability_observability+worker_model_runner | intel_xpu,1,5649,0.0001770224818551956
feature | production_code | configuration_shared_infrastructure | google_tpu,1,5649,0.0001770224818551956
build | build+production_code+tests | moe+quantization | nvidia_cuda,1,5649,0.0001770224818551956
test | production_code+tests | model_loading_layers | backend_agnostic,1,5649,0.0001770224818551956
feature | ci+production_code+tests | attention+compilation+worker_model_runner | amd_rocm+nvidia_cuda,1,5649,0.0001770224818551956
feature | production_code+tests | kernels_operators+quantization+serving_api | amd_rocm+nvidia_cuda,1,5649,0.0001770224818551956
feature | benchmarks+documentation_examples+production_code | other | backend_agnostic,1,5649,0.0001770224818551956
bugfix | developer_tooling+production_code+tests | attention | intel_xpu+nvidia_cuda,1,5649,0.0001770224818551956
performance | production_code | distributed_execution+kernels_operators | amd_rocm,1,5649,0.0001770224818551956
feature | production_code+tests | distributed_execution+kv_cache_data_movement+moe+scheduler+serving_api+worker_model_runner | backend_agnostic,1,5649,0.0001770224818551956
feature | developer_tooling+documentation_examples+production_code+tests | distributed_execution+model_loading_layers | nvidia_cuda,1,5649,0.0001770224818551956
bugfix | production_code | compilation+worker_model_runner | cpu,1,5649,0.0001770224818551956
feature | production_code | attention+compilation+model_implementation | amd_rocm,1,5649,0.0001770224818551956
maintenance | benchmarks+build+ci+documentation_examples+production_code | input_processing_multimodal | amd_rocm+google_tpu+nvidia_cuda,1,5649,0.0001770224818551956
maintenance | benchmarks+documentation_examples | support_only | cpu,1,5649,0.0001770224818551956
feature | documentation_examples+production_code+tests | input_processing_multimodal+model_implementation+model_loading_layers+speculative_decoding | backend_agnostic,1,5649,0.0001770224818551956
performance | benchmarks+build+production_code+tests | attention+device_platform+kernels_operators | cpu,1,5649,0.0001770224818551956
feature | ci+production_code+tests | device_platform+moe+quantization | amd_rocm+cpu+nvidia_cuda,1,5649,0.0001770224818551956
performance | production_code+tests | compilation+kernels_operators+model_loading_layers | amd_rocm,1,5649,0.0001770224818551956
maintenance | benchmarks+production_code+tests | attention | nvidia_cuda,1,5649,0.0001770224818551956
feature | production_code+tests | attention+scheduler+worker_model_runner | nvidia_cuda,1,5649,0.0001770224818551956
performance | production_code | distributed_execution+engine | backend_agnostic,1,5649,0.0001770224818551956
feature | ci+production_code+tests | kv_cache_data_movement | backend_agnostic,1,5649,0.0001770224818551956
performance | production_code | kernels_operators+sampling+speculative_decoding+worker_model_runner | backend_agnostic,1,5649,0.0001770224818551956
refactor | production_code | attention+compilation+model_implementation | amd_rocm+nvidia_cuda,1,5649,0.0001770224818551956
feature | documentation_examples+production_code+tests | distributed_execution+serving_api+worker_model_runner | nvidia_cuda,1,5649,0.0001770224818551956
refactor | ci+production_code+tests | serving_api | amd_rocm,1,5649,0.0001770224818551956
bugfix | build+production_code | kernels_operators+quantization | cpu,1,5649,0.0001770224818551956
performance | production_code | compilation+speculative_decoding | backend_agnostic,1,5649,0.0001770224818551956
performance | benchmarks+build+production_code+tests | kernels_operators+model_implementation+moe | nvidia_cuda,1,5649,0.0001770224818551956
refactor | production_code+tests | moe | amd_rocm+cpu+intel_xpu+nvidia_cuda,1,5649,0.0001770224818551956
feature | production_code+tests | distributed_execution+serving_api | backend_agnostic,1,5649,0.0001770224818551956
performance | ci+documentation_examples+production_code+tests | moe | amd_rocm+nvidia_cuda,1,5649,0.0001770224818551956
feature | benchmarks+production_code+tests | configuration_shared_infrastructure+input_processing_multimodal+lora+model_loading_layers | backend_agnostic,1,5649,0.0001770224818551956
bugfix | production_code | device_platform+kernels_operators+model_loading_layers+moe+quantization | amd_rocm,1,5649,0.0001770224818551956
performance | build+production_code+tests | device_platform+kernels_operators+quantization | amd_rocm,1,5649,0.0001770224818551956
bugfix | production_code | distributed_execution+moe | amd_rocm+nvidia_cuda,1,5649,0.0001770224818551956
performance | ci+production_code+tests | device_platform+kernels_operators+sampling | cpu,1,5649,0.0001770224818551956
build | build+production_code | attention+kernels_operators+kv_cache_data_movement+quantization | amd_rocm+nvidia_cuda,1,5649,0.0001770224818551956
refactor | production_code | kernels_operators+model_implementation+model_loading_layers+moe+quantization+speculative_decoding | nvidia_cuda,1,5649,0.0001770224818551956
refactor | production_code+tests | compilation+model_implementation+worker_model_runner | nvidia_cuda,1,5649,0.0001770224818551956
performance | production_code+tests | engine+worker_model_runner | cpu,1,5649,0.0001770224818551956
feature | documentation_examples+production_code+tests | attention+input_processing_multimodal+kernels_operators+kv_cache_data_movement+model_implementation+moe+quantization+speculative_decoding+worker_model_runner | nvidia_cuda,1,5649,0.0001770224818551956
performance | benchmarks+ci | support_only | backend_agnostic,1,5649,0.0001770224818551956
bugfix | documentation_examples+tests | support_only | backend_agnostic,1,5649,0.0001770224818551956
bugfix | production_code+tests | compilation+distributed_execution | amd_rocm+nvidia_cuda,1,5649,0.0001770224818551956
refactor | production_code | attention+compilation+model_implementation+moe | nvidia_cuda,1,5649,0.0001770224818551956
feature | production_code+tests | device_platform+distributed_execution+worker_model_runner | nvidia_cuda,1,5649,0.0001770224818551956
performance | production_code | compilation+model_implementation+worker_model_runner | nvidia_cuda,1,5649,0.0001770224818551956
bugfix | production_code | attention+kernels_operators+kv_cache_data_movement | backend_agnostic,1,5649,0.0001770224818551956
feature | production_code | attention+kernels_operators+speculative_decoding | intel_xpu,1,5649,0.0001770224818551956
refactor | production_code | sampling | nvidia_cuda,1,5649,0.0001770224818551956
feature | documentation_examples+production_code+tests | attention+input_processing_multimodal+model_implementation+model_loading_layers+quantization+speculative_decoding+worker_model_runner | backend_agnostic,1,5649,0.0001770224818551956
refactor | build+production_code | attention+configuration_shared_infrastructure+distributed_execution+kernels_operators+model_loading_layers+moe | amd_rocm+nvidia_cuda,1,5649,0.0001770224818551956
feature | production_code+tests | device_platform+engine+kv_cache_data_movement+worker_model_runner | backend_agnostic,1,5649,0.0001770224818551956
bugfix | production_code | lora+serving_api | backend_agnostic,1,5649,0.0001770224818551956
performance | production_code | sampling+worker_model_runner | nvidia_cuda,1,5649,0.0001770224818551956
bugfix | production_code+tests | attention | cpu,1,5649,0.0001770224818551956
performance | production_code+tests | input_processing_multimodal+other+scheduler+worker_model_runner | backend_agnostic,1,5649,0.0001770224818551956
feature | production_code+tests | lora+serving_api | backend_agnostic,1,5649,0.0001770224818551956
feature | benchmarks+tests | support_only | backend_agnostic,1,5649,0.0001770224818551956
bugfix | production_code+tests | sampling+worker_model_runner | amd_rocm,1,5649,0.0001770224818551956
feature | production_code | configuration_shared_infrastructure+device_platform | backend_agnostic,1,5649,0.0001770224818551956
maintenance | benchmarks+documentation_examples+production_code | configuration_shared_infrastructure | cpu,1,5649,0.0001770224818551956
refactor | production_code | model_implementation | amd_rocm+nvidia_cuda,1,5649,0.0001770224818551956
bugfix | production_code+tests | kernels_operators+moe+quantization | cpu+nvidia_cuda,1,5649,0.0001770224818551956
performance | ci+production_code+tests | distributed_execution+engine+kernels_operators+scheduler+worker_model_runner | nvidia_cuda,1,5649,0.0001770224818551956
feature | production_code+tests | configuration_shared_infrastructure+worker_model_runner | backend_agnostic,1,5649,0.0001770224818551956
feature | production_code | compilation+device_platform | intel_xpu,1,5649,0.0001770224818551956
refactor | production_code+tests | configuration_shared_infrastructure+engine | nvidia_cuda,1,5649,0.0001770224818551956
feature | benchmarks+documentation_examples+production_code+tests | input_processing_multimodal | backend_agnostic,1,5649,0.0001770224818551956
feature | build+production_code | distributed_execution+kernels_operators | cpu,1,5649,0.0001770224818551956
maintenance | production_code | kv_cache_data_movement | cpu,1,5649,0.0001770224818551956
performance | build+ci+production_code+tests | kernels_operators+model_implementation | cpu,1,5649,0.0001770224818551956
bugfix | production_code | speculative_decoding+worker_model_runner | nvidia_cuda,1,5649,0.0001770224818551956
bugfix | production_code | kv_cache_data_movement+worker_model_runner | nvidia_cuda,1,5649,0.0001770224818551956
feature | production_code+tests | compilation+worker_model_runner | nvidia_cuda,1,5649,0.0001770224818551956
performance | build | support_only | amd_rocm,1,5649,0.0001770224818551956
test | documentation_examples+tests | support_only | nvidia_cuda,1,5649,0.0001770224818551956
refactor | production_code | moe+quantization | intel_xpu+nvidia_cuda,1,5649,0.0001770224818551956
bugfix | build+production_code | quantization | nvidia_cuda,1,5649,0.0001770224818551956
feature | benchmarks+documentation_examples+tests | support_only | backend_agnostic,1,5649,0.0001770224818551956
refactor | production_code+tests | kv_cache_data_movement | amd_rocm,1,5649,0.0001770224818551956
maintenance | production_code+tests | reliability_observability | backend_agnostic,1,5649,0.0001770224818551956
refactor | production_code+tests | kernels_operators+model_implementation+moe | nvidia_cuda,1,5649,0.0001770224818551956
performance | benchmarks+production_code+tests | kernels_operators+lora+moe | amd_rocm+intel_xpu+nvidia_cuda,1,5649,0.0001770224818551956
refactor | benchmarks+build+production_code | kernels_operators+model_implementation+moe | amd_rocm+nvidia_cuda,1,5649,0.0001770224818551956
bugfix | production_code | model_implementation+speculative_decoding | amd_rocm,1,5649,0.0001770224818551956
performance | benchmarks+production_code+tests | kernels_operators | nvidia_cuda,1,5649,0.0001770224818551956
feature | production_code | attention+kernels_operators+kv_cache_data_movement+model_implementation+moe+speculative_decoding | amd_rocm,1,5649,0.0001770224818551956
bugfix | production_code+tests | engine+input_processing_multimodal+serving_api | backend_agnostic,1,5649,0.0001770224818551956
bugfix | production_code | attention+compilation+model_implementation | nvidia_cuda,1,5649,0.0001770224818551956
feature | production_code | device_platform+kernels_operators+moe+quantization | intel_xpu,1,5649,0.0001770224818551956
bugfix | production_code+tests | kernels_operators+sampling | backend_agnostic,1,5649,0.0001770224818551956
refactor | build+production_code | attention+kernels_operators+model_loading_layers+quantization | amd_rocm+nvidia_cuda,1,5649,0.0001770224818551956
performance | production_code | kernels_operators+moe | intel_xpu,1,5649,0.0001770224818551956
bugfix | production_code+tests | compilation+kernels_operators+model_implementation+model_loading_layers | amd_rocm,1,5649,0.0001770224818551956
test | documentation_examples+tests | support_only | amd_rocm,1,5649,0.0001770224818551956
bugfix | production_code+tests | engine | amd_rocm,1,5649,0.0001770224818551956
feature | production_code+tests | distributed_execution+worker_model_runner | nvidia_cuda,1,5649,0.0001770224818551956
feature | production_code | attention+kernels_operators+model_implementation+model_loading_layers | intel_xpu,1,5649,0.0001770224818551956
performance | benchmarks+documentation_examples+production_code+tests | kv_cache_data_movement+speculative_decoding | backend_agnostic,1,5649,0.0001770224818551956
performance | production_code+tests | kernels_operators+kv_cache_data_movement | nvidia_cuda,1,5649,0.0001770224818551956
feature | production_code | attention+kv_cache_data_movement+worker_model_runner | backend_agnostic,1,5649,0.0001770224818551956
refactor | documentation_examples+production_code+tests | attention+model_implementation | amd_rocm+nvidia_cuda,1,5649,0.0001770224818551956
refactor | production_code+tests | compilation+model_implementation | nvidia_cuda,1,5649,0.0001770224818551956
performance | ci+production_code+tests | kernels_operators+quantization | nvidia_cuda,1,5649,0.0001770224818551956
bugfix | production_code+tests | distributed_execution+serving_api | backend_agnostic,1,5649,0.0001770224818551956
performance | production_code | kernels_operators+model_implementation | backend_agnostic,1,5649,0.0001770224818551956
feature | ci+production_code | kernels_operators+quantization | cpu,1,5649,0.0001770224818551956
feature | production_code | compilation+kernels_operators+model_implementation+speculative_decoding+worker_model_runner | amd_rocm+nvidia_cuda,1,5649,0.0001770224818551956
performance | benchmarks+production_code+tests | kernels_operators+moe | nvidia_cuda,1,5649,0.0001770224818551956
feature | production_code | kv_cache_data_movement+worker_model_runner | backend_agnostic,1,5649,0.0001770224818551956
refactor | production_code | attention+model_implementation+moe+speculative_decoding | amd_rocm+intel_xpu+nvidia_cuda,1,5649,0.0001770224818551956
bugfix | build+production_code | kernels_operators+quantization | nvidia_cuda,1,5649,0.0001770224818551956
other | production_code+tests | kv_cache_data_movement | backend_agnostic,1,5649,0.0001770224818551956
performance | build+production_code+tests | device_platform+kernels_operators+model_implementation+model_loading_layers+speculative_decoding | amd_rocm+nvidia_cuda,1,5649,0.0001770224818551956
bugfix | production_code+tests | input_processing_multimodal+worker_model_runner | backend_agnostic,1,5649,0.0001770224818551956
bugfix | production_code | attention+reliability_observability | amd_rocm,1,5649,0.0001770224818551956
refactor | production_code+tests | kernels_operators+moe | amd_rocm+nvidia_cuda,1,5649,0.0001770224818551956
refactor | production_code+tests | moe+quantization | cpu,1,5649,0.0001770224818551956
feature | production_code | attention+kernels_operators+kv_cache_data_movement+worker_model_runner | backend_agnostic,1,5649,0.0001770224818551956
bugfix | production_code | kv_cache_data_movement+model_implementation | backend_agnostic,1,5649,0.0001770224818551956
build | build+developer_tooling+production_code | attention+kernels_operators+model_implementation+sampling | amd_rocm+nvidia_cuda,1,5649,0.0001770224818551956
feature | production_code+tests | distributed_execution+moe | amd_rocm,1,5649,0.0001770224818551956
documentation | developer_tooling+documentation_examples | support_only | ascend_npu,1,5649,0.0001770224818551956
bugfix | production_code | kernels_operators+model_implementation | amd_rocm+nvidia_cuda,1,5649,0.0001770224818551956
bugfix | production_code+tests | attention+device_platform+kv_cache_data_movement+worker_model_runner | amd_rocm+intel_xpu+nvidia_cuda,1,5649,0.0001770224818551956
bugfix | production_code | input_processing_multimodal+model_implementation+model_loading_layers | amd_rocm,1,5649,0.0001770224818551956
bugfix | ci+production_code | attention+speculative_decoding+worker_model_runner | nvidia_cuda,1,5649,0.0001770224818551956
bugfix | production_code+tests | distributed_execution+engine+serving_api | backend_agnostic,1,5649,0.0001770224818551956
performance | documentation_examples+production_code+tests | compilation+kernels_operators+model_implementation | nvidia_cuda,1,5649,0.0001770224818551956
feature | production_code+tests | model_implementation+model_loading_layers+quantization | nvidia_cuda,1,5649,0.0001770224818551956
other | production_code | distributed_execution+kernels_operators+model_implementation+moe+speculative_decoding | amd_rocm,1,5649,0.0001770224818551956
feature | build+documentation_examples+production_code+tests | engine | backend_agnostic,1,5649,0.0001770224818551956
feature | build+production_code+tests | input_processing_multimodal+model_implementation+serving_api | backend_agnostic,1,5649,0.0001770224818551956
test | production_code+tests | model_implementation | amd_rocm,1,5649,0.0001770224818551956
bugfix | build+production_code+tests | sampling | backend_agnostic,1,5649,0.0001770224818551956
ci | build+ci+production_code+tests | model_loading_layers | amd_rocm,1,5649,0.0001770224818551956
feature | production_code+tests | lora | backend_agnostic,1,5649,0.0001770224818551956
build | build+ci+production_code | kernels_operators+moe | cpu,1,5649,0.0001770224818551956
performance | production_code | sampling+speculative_decoding | backend_agnostic,1,5649,0.0001770224818551956
bugfix | production_code | distributed_execution+model_implementation+moe+speculative_decoding | nvidia_cuda,1,5649,0.0001770224818551956
feature | documentation_examples+production_code+tests | lora+model_implementation | backend_agnostic,1,5649,0.0001770224818551956
maintenance | production_code | attention+configuration_shared_infrastructure+kernels_operators | intel_xpu,1,5649,0.0001770224818551956
feature | documentation_examples+production_code+tests | attention+compilation+input_processing_multimodal+model_implementation+model_loading_layers | backend_agnostic,1,5649,0.0001770224818551956
performance | ci+production_code+tests | kernels_operators+moe+worker_model_runner | nvidia_cuda,1,5649,0.0001770224818551956
feature | production_code+tests | attention+kernels_operators+model_implementation+speculative_decoding | amd_rocm,1,5649,0.0001770224818551956
bugfix | production_code | model_implementation+moe+quantization | backend_agnostic,1,5649,0.0001770224818551956
performance | benchmarks+documentation_examples+production_code+tests | attention | amd_rocm+intel_xpu+nvidia_cuda,1,5649,0.0001770224818551956
feature | build+production_code+tests | quantization | intel_xpu,1,5649,0.0001770224818551956
feature | production_code+tests | model_implementation | amd_rocm,1,5649,0.0001770224818551956
feature | production_code | attention+model_implementation+speculative_decoding | backend_agnostic,1,5649,0.0001770224818551956
feature | build+documentation_examples+production_code+tests | attention+distributed_execution+speculative_decoding | nvidia_cuda,1,5649,0.0001770224818551956
bugfix | production_code | attention+compilation+speculative_decoding+worker_model_runner | nvidia_cuda,1,5649,0.0001770224818551956
bugfix | production_code | input_processing_multimodal | intel_xpu,1,5649,0.0001770224818551956
feature | production_code+tests | lora+model_loading_layers+sampling+speculative_decoding | nvidia_cuda,1,5649,0.0001770224818551956
bugfix | production_code | attention | amd_rocm+cpu+nvidia_cuda,1,5649,0.0001770224818551956
performance | production_code | compilation+distributed_execution+quantization | nvidia_cuda,1,5649,0.0001770224818551956
bugfix | production_code | distributed_execution+model_implementation+moe+speculative_decoding | backend_agnostic,1,5649,0.0001770224818551956
bugfix | build+production_code | device_platform+distributed_execution+worker_model_runner | cpu,1,5649,0.0001770224818551956
feature | production_code | attention+kernels_operators+speculative_decoding | cpu,1,5649,0.0001770224818551956
performance | benchmarks+build+production_code+tests | kernels_operators+quantization | amd_rocm,1,5649,0.0001770224818551956
feature | benchmarks+build+developer_tooling+documentation_examples+production_code+tests | other | backend_agnostic,1,5649,0.0001770224818551956
feature | production_code | kernels_operators+reliability_observability | nvidia_cuda,1,5649,0.0001770224818551956
feature | production_code+tests | lora+model_implementation+moe | nvidia_cuda,1,5649,0.0001770224818551956
maintenance | documentation_examples+production_code | configuration_shared_infrastructure | amd_rocm+google_tpu+nvidia_cuda,1,5649,0.0001770224818551956
bugfix | benchmarks+production_code+tests | attention+kernels_operators | nvidia_cuda,1,5649,0.0001770224818551956
performance | production_code | attention+model_implementation+speculative_decoding | amd_rocm,1,5649,0.0001770224818551956
performance | production_code+tests | attention+compilation+kernels_operators+kv_cache_data_movement+quantization | amd_rocm,1,5649,0.0001770224818551956
feature | production_code+tests | attention+model_implementation+speculative_decoding | backend_agnostic,1,5649,0.0001770224818551956
feature | production_code+tests | kernels_operators+model_implementation+speculative_decoding | nvidia_cuda,1,5649,0.0001770224818551956
bugfix | production_code | kernels_operators+quantization | backend_agnostic,1,5649,0.0001770224818551956
bugfix | production_code+tests | attention+kernels_operators+model_implementation | nvidia_cuda,1,5649,0.0001770224818551956
refactor | build+ci+developer_tooling+production_code+tests | kernels_operators | amd_rocm+nvidia_cuda,1,5649,0.0001770224818551956
feature | production_code+tests | attention+compilation+model_implementation+worker_model_runner | nvidia_cuda,1,5649,0.0001770224818551956
feature | documentation_examples+production_code+tests | model_implementation | amd_rocm,1,5649,0.0001770224818551956
build | build+production_code+tests | attention+kernels_operators+model_implementation | nvidia_cuda,1,5649,0.0001770224818551956
performance | production_code+tests | kernels_operators+moe+serving_api | nvidia_cuda,1,5649,0.0001770224818551956
feature | build+production_code+tests | attention+compilation+input_processing_multimodal+kernels_operators+model_implementation+moe+quantization+sampling | nvidia_cuda,1,5649,0.0001770224818551956
bugfix | production_code | serving_api+speculative_decoding | nvidia_cuda,1,5649,0.0001770224818551956
bugfix | build+production_code+tests | compilation | nvidia_cuda,1,5649,0.0001770224818551956
refactor | production_code+tests | engine+reliability_observability | backend_agnostic,1,5649,0.0001770224818551956
feature | production_code | model_implementation+speculative_decoding | intel_xpu,1,5649,0.0001770224818551956
bugfix | production_code | attention+kv_cache_data_movement | backend_agnostic,1,5649,0.0001770224818551956
feature | production_code | distributed_execution+kernels_operators+model_implementation+moe+speculative_decoding | nvidia_cuda,1,5649,0.0001770224818551956
bugfix | production_code+tests | kernels_operators+quantization | amd_rocm,1,5649,0.0001770224818551956
feature | benchmarks+production_code | kernels_operators | nvidia_cuda,1,5649,0.0001770224818551956
bugfix | developer_tooling+production_code | kernels_operators | backend_agnostic,1,5649,0.0001770224818551956
feature | production_code+tests | kernels_operators+model_loading_layers | intel_xpu,1,5649,0.0001770224818551956
bugfix | production_code | compilation+distributed_execution+worker_model_runner | amd_rocm,1,5649,0.0001770224818551956
performance | ci+production_code+tests | engine+input_processing_multimodal | amd_rocm+nvidia_cuda,1,5649,0.0001770224818551956
bugfix | production_code | lora | intel_xpu,1,5649,0.0001770224818551956
feature | ci+documentation_examples+production_code+tests | kv_cache_data_movement | backend_agnostic,1,5649,0.0001770224818551956
bugfix | production_code | attention+kernels_operators+worker_model_runner | amd_rocm,1,5649,0.0001770224818551956
feature | production_code+tests | reliability_observability | amd_rocm+nvidia_cuda,1,5649,0.0001770224818551956
test | ci+production_code+tests | serving_api | amd_rocm+cpu+nvidia_cuda,1,5649,0.0001770224818551956
feature | production_code | moe | nvidia_cuda,1,5649,0.0001770224818551956
bugfix | production_code | attention+distributed_execution+kernels_operators | backend_agnostic,1,5649,0.0001770224818551956
bugfix | production_code | attention+kernels_operators | amd_rocm+intel_xpu+nvidia_cuda,1,5649,0.0001770224818551956
feature | production_code | attention+model_implementation+model_loading_layers+speculative_decoding | backend_agnostic,1,5649,0.0001770224818551956
bugfix | production_code+tests | device_platform | nvidia_cuda,1,5649,0.0001770224818551956
bugfix | benchmarks+production_code | configuration_shared_infrastructure+kernels_operators+moe+quantization | amd_rocm,1,5649,0.0001770224818551956
bugfix | ci+production_code+tests | input_processing_multimodal | amd_rocm+nvidia_cuda,1,5649,0.0001770224818551956
feature | documentation_examples+production_code+tests | scheduler+serving_api | backend_agnostic,1,5649,0.0001770224818551956
performance | production_code | worker_model_runner | amd_rocm,1,5649,0.0001770224818551956
bugfix | production_code | compilation+speculative_decoding | backend_agnostic,1,5649,0.0001770224818551956
performance | production_code | attention+distributed_execution+model_implementation+moe+reliability_observability | nvidia_cuda,1,5649,0.0001770224818551956
bugfix | production_code | attention+kernels_operators+kv_cache_data_movement+model_implementation | nvidia_cuda,1,5649,0.0001770224818551956
performance | production_code+tests | kernels_operators+model_loading_layers+moe | amd_rocm,1,5649,0.0001770224818551956
refactor | build+production_code+tests | attention+kernels_operators+model_implementation | nvidia_cuda,1,5649,0.0001770224818551956
feature | ci+documentation_examples+production_code+tests | serving_api | amd_rocm+cpu,1,5649,0.0001770224818551956
bugfix | documentation_examples+production_code | reliability_observability | backend_agnostic,1,5649,0.0001770224818551956
maintenance | production_code | worker_model_runner | intel_xpu,1,5649,0.0001770224818551956
bugfix | production_code+tests | kernels_operators+model_implementation+speculative_decoding+worker_model_runner | backend_agnostic,1,5649,0.0001770224818551956
bugfix | documentation_examples+production_code+tests | speculative_decoding | backend_agnostic,1,5649,0.0001770224818551956
feature | production_code | distributed_execution+reliability_observability | backend_agnostic,1,5649,0.0001770224818551956
build | benchmarks+build+documentation_examples+production_code+tests | input_processing_multimodal+model_implementation+model_loading_layers+sampling | amd_rocm+cpu+intel_xpu+nvidia_cuda,1,5649,0.0001770224818551956
test | production_code+tests | serving_api | cpu,1,5649,0.0001770224818551956
bugfix | ci+production_code+tests | sampling | amd_rocm+cpu,1,5649,0.0001770224818551956
maintenance | production_code | kv_cache_data_movement | backend_agnostic,1,5649,0.0001770224818551956
feature | production_code+tests | attention+kernels_operators+kv_cache_data_movement+model_implementation+quantization | amd_rocm+nvidia_cuda,1,5649,0.0001770224818551956
performance | benchmarks+production_code+tests | kernels_operators+model_loading_layers | amd_rocm+nvidia_cuda,1,5649,0.0001770224818551956
feature | ci+production_code+tests | engine+kv_cache_data_movement+scheduler+serving_api | backend_agnostic,1,5649,0.0001770224818551956
bugfix | production_code+tests | compilation+distributed_execution+quantization | nvidia_cuda,1,5649,0.0001770224818551956
performance | production_code | attention+distributed_execution+model_implementation+moe | backend_agnostic,1,5649,0.0001770224818551956
feature | documentation_examples+production_code+tests | model_loading_layers+serving_api+speculative_decoding+worker_model_runner | nvidia_cuda,1,5649,0.0001770224818551956
bugfix | production_code+tests | lora | intel_xpu,1,5649,0.0001770224818551956
refactor | production_code+tests | attention+device_platform+kernels_operators+kv_cache_data_movement+model_implementation | amd_rocm+nvidia_cuda,1,5649,0.0001770224818551956
feature | build+production_code | moe | intel_xpu,1,5649,0.0001770224818551956
bugfix | build+production_code | attention+input_processing_multimodal+model_implementation | amd_rocm+cpu+intel_xpu+nvidia_cuda,1,5649,0.0001770224818551956
bugfix | production_code | attention+worker_model_runner | backend_agnostic,1,5649,0.0001770224818551956
feature | production_code+tests | attention+model_implementation+model_loading_layers+speculative_decoding | amd_rocm,1,5649,0.0001770224818551956
feature | build+production_code+tests | attention+compilation+kernels_operators+model_implementation+model_loading_layers+moe+speculative_decoding+worker_model_runner | amd_rocm+nvidia_cuda,1,5649,0.0001770224818551956
bugfix | production_code | kv_cache_data_movement+scheduler+speculative_decoding | backend_agnostic,1,5649,0.0001770224818551956
refactor | production_code+tests | attention+kernels_operators | amd_rocm,1,5649,0.0001770224818551956
feature | build+documentation_examples+production_code | input_processing_multimodal | nvidia_cuda,1,5649,0.0001770224818551956
ci | build+ci+documentation_examples | support_only | amd_rocm+nvidia_cuda,1,5649,0.0001770224818551956
feature | build+production_code+tests | input_processing_multimodal+serving_api | backend_agnostic,1,5649,0.0001770224818551956
performance | production_code | attention+compilation+distributed_execution+model_implementation | amd_rocm+cpu+intel_xpu+nvidia_cuda,1,5649,0.0001770224818551956
feature | documentation_examples+production_code+tests | other+serving_api | backend_agnostic,1,5649,0.0001770224818551956
feature | production_code+tests | attention+compilation+distributed_execution+kv_cache_data_movement+worker_model_runner | cpu+google_tpu+nvidia_cuda,1,5649,0.0001770224818551956
bugfix | production_code+tests | compilation+worker_model_runner | amd_rocm,1,5649,0.0001770224818551956
bugfix | tests | support_only | backend_agnostic,1,5649,0.0001770224818551956
bugfix | production_code | compilation+worker_model_runner | amd_rocm,1,5649,0.0001770224818551956
ci | tests | support_only | nvidia_cuda,1,5649,0.0001770224818551956
bugfix | production_code | compilation | google_tpu,1,5649,0.0001770224818551956
ci | ci | support_only | cpu+intel_xpu+nvidia_cuda+other,1,5649,0.0001770224818551956
refactor | documentation_examples+production_code | model_implementation | backend_agnostic,1,5649,0.0001770224818551956
bugfix | production_code | attention+kernels_operators+quantization | nvidia_cuda,1,5649,0.0001770224818551956
performance | production_code | attention+kernels_operators+model_implementation+model_loading_layers+quantization | amd_rocm,1,5649,0.0001770224818551956
build | build+documentation_examples+production_code | attention+kernels_operators+kv_cache_data_movement+model_implementation | nvidia_cuda,1,5649,0.0001770224818551956
performance | production_code | model_implementation+speculative_decoding | amd_rocm+intel_xpu+nvidia_cuda,1,5649,0.0001770224818551956
performance | production_code+tests | attention | backend_agnostic,1,5649,0.0001770224818551956
feature | documentation_examples+production_code+tests | distributed_execution+model_loading_layers | nvidia_cuda,1,5649,0.0001770224818551956
feature | build+production_code+tests | other+serving_api | amd_rocm+cpu+intel_xpu+nvidia_cuda,1,5649,0.0001770224818551956
feature | production_code+tests | attention+device_platform+model_implementation+model_loading_layers+speculative_decoding | amd_rocm+nvidia_cuda,1,5649,0.0001770224818551956
test | developer_tooling+tests | support_only | cpu+nvidia_cuda,1,5649,0.0001770224818551956
feature | production_code+tests | kernels_operators+model_implementation+moe+quantization | cpu,1,5649,0.0001770224818551956
feature | build+developer_tooling+documentation_examples+production_code+tests | attention+compilation+device_platform+distributed_execution+input_processing_multimodal+kernels_operators+kv_cache_data_movement+model_implementation+model_loading_layers+moe+quantization+scheduler+speculative_decoding+worker_model_runner | amd_rocm+nvidia_cuda,1,5649,0.0001770224818551956
feature | benchmarks+documentation_examples+production_code+tests | attention+device_platform+kernels_operators | amd_rocm,1,5649,0.0001770224818551956
bugfix | production_code+tests | kv_cache_data_movement+scheduler | cpu,1,5649,0.0001770224818551956
bugfix | production_code+tests | distributed_execution+engine+scheduler | backend_agnostic,1,5649,0.0001770224818551956
feature | developer_tooling+production_code+tests | distributed_execution+engine | nvidia_cuda,1,5649,0.0001770224818551956
performance | production_code+tests | attention+kernels_operators+speculative_decoding | cpu,1,5649,0.0001770224818551956
feature | build+production_code+tests | kernels_operators+moe+quantization | cpu,1,5649,0.0001770224818551956
performance | benchmarks+production_code | attention+kernels_operators+moe | cpu,1,5649,0.0001770224818551956
feature | ci+production_code | compilation+device_platform | intel_xpu,1,5649,0.0001770224818551956
feature | production_code+tests | distributed_execution+kv_cache_data_movement | amd_rocm,1,5649,0.0001770224818551956
feature | production_code+tests | attention+compilation+worker_model_runner | backend_agnostic,1,5649,0.0001770224818551956
feature | production_code+tests | compilation+distributed_execution+engine+model_implementation+moe+worker_model_runner | nvidia_cuda,1,5649,0.0001770224818551956
feature | production_code | model_implementation+sampling | backend_agnostic,1,5649,0.0001770224818551956
performance | ci+production_code+tests | kv_cache_data_movement | cpu+nvidia_cuda,1,5649,0.0001770224818551956
performance | production_code+tests | distributed_execution+kernels_operators+moe | intel_xpu+nvidia_cuda,1,5649,0.0001770224818551956
performance | production_code | distributed_execution+model_implementation+moe+speculative_decoding | nvidia_cuda,1,5649,0.0001770224818551956
feature | ci+production_code+tests | distributed_execution+engine+moe+reliability_observability+serving_api+worker_model_runner | nvidia_cuda,1,5649,0.0001770224818551956
documentation | build+developer_tooling+documentation_examples+production_code | serving_api | backend_agnostic,1,5649,0.0001770224818551956
feature | documentation_examples+production_code+tests | input_processing_multimodal+lora+model_implementation | amd_rocm,1,5649,0.0001770224818551956
feature | benchmarks+production_code+tests | attention+device_platform+distributed_execution+input_processing_multimodal+kernels_operators+lora+model_implementation+model_loading_layers+moe+quantization+sampling+speculative_decoding | amd_rocm+nvidia_cuda,1,5649,0.0001770224818551956
bugfix | production_code | attention+kernels_operators+speculative_decoding | amd_rocm,1,5649,0.0001770224818551956
refactor | production_code | input_processing_multimodal+model_implementation+serving_api | backend_agnostic,1,5649,0.0001770224818551956
feature | documentation_examples+production_code+tests | kernels_operators+model_implementation+moe+serving_api+speculative_decoding | backend_agnostic,1,5649,0.0001770224818551956
performance | benchmarks+production_code+tests | kernels_operators+lora+moe | backend_agnostic,1,5649,0.0001770224818551956
performance | production_code | attention+compilation+distributed_execution+input_processing_multimodal+kv_cache_data_movement+lora+sampling+speculative_decoding+worker_model_runner | backend_agnostic,1,5649,0.0001770224818551956
bugfix | production_code | attention | google_tpu,1,5649,0.0001770224818551956
refactor | production_code | quantization | amd_rocm+nvidia_cuda,1,5649,0.0001770224818551956
bugfix | production_code | configuration_shared_infrastructure+input_processing_multimodal | backend_agnostic,1,5649,0.0001770224818551956
bugfix | benchmarks+documentation_examples+production_code | engine+worker_model_runner | backend_agnostic,1,5649,0.0001770224818551956
maintenance | production_code | attention+compilation+configuration_shared_infrastructure+distributed_execution+kernels_operators+worker_model_runner | nvidia_cuda,1,5649,0.0001770224818551956
bugfix | build+ci | support_only | amd_rocm+nvidia_cuda,1,5649,0.0001770224818551956
bugfix | production_code+tests | attention+kv_cache_data_movement+quantization | backend_agnostic,1,5649,0.0001770224818551956
refactor | production_code+tests | kernels_operators+quantization | amd_rocm+intel_xpu+nvidia_cuda,1,5649,0.0001770224818551956
bugfix | production_code+tests | attention+compilation | backend_agnostic,1,5649,0.0001770224818551956
test | ci+tests | support_only | amd_rocm+intel_xpu+nvidia_cuda,1,5649,0.0001770224818551956
performance | production_code | input_processing_multimodal+serving_api | backend_agnostic,1,5649,0.0001770224818551956
performance | production_code | distributed_execution+model_implementation+speculative_decoding | nvidia_cuda,1,5649,0.0001770224818551956
refactor | production_code+tests | model_implementation+moe | amd_rocm+intel_xpu+nvidia_cuda,1,5649,0.0001770224818551956
refactor | production_code | moe+quantization | cpu,1,5649,0.0001770224818551956
feature | build+documentation_examples+production_code | attention+kernels_operators+quantization | cpu,1,5649,0.0001770224818551956
refactor | ci+production_code+tests | device_platform+kernels_operators | intel_xpu,1,5649,0.0001770224818551956
test | tests | support_only | amd_rocm+intel_xpu+nvidia_cuda,1,5649,0.0001770224818551956
ci | ci+production_code+tests | attention | nvidia_cuda,1,5649,0.0001770224818551956
bugfix | production_code+tests | input_processing_multimodal+kernels_operators | cpu,1,5649,0.0001770224818551956
performance | ci+production_code+tests | attention | cpu,1,5649,0.0001770224818551956
performance | production_code+tests | kv_cache_data_movement | amd_rocm+nvidia_cuda,1,5649,0.0001770224818551956
bugfix | build+production_code | kernels_operators+moe | amd_rocm,1,5649,0.0001770224818551956
feature | production_code | attention+compilation+input_processing_multimodal+kernels_operators+kv_cache_data_movement+model_implementation+speculative_decoding+worker_model_runner | nvidia_cuda,1,5649,0.0001770224818551956
performance | benchmarks+build+production_code+tests | attention+kernels_operators | nvidia_cuda,1,5649,0.0001770224818551956
feature | build+production_code+tests | reliability_observability+serving_api | backend_agnostic,1,5649,0.0001770224818551956
performance | production_code+tests | attention+distributed_execution+model_implementation+model_loading_layers | backend_agnostic,1,5649,0.0001770224818551956
feature | production_code+tests | kernels_operators+moe+quantization+worker_model_runner | nvidia_cuda,1,5649,0.0001770224818551956
bugfix | production_code+tests | kv_cache_data_movement+worker_model_runner | amd_rocm+nvidia_cuda,1,5649,0.0001770224818551956
bugfix | production_code+tests | speculative_decoding | amd_rocm,1,5649,0.0001770224818551956
feature | ci+production_code+tests | attention+compilation+kernels_operators+worker_model_runner | amd_rocm+nvidia_cuda,1,5649,0.0001770224818551956
bugfix | production_code+tests | model_implementation+quantization | backend_agnostic,1,5649,0.0001770224818551956
feature | build+developer_tooling+documentation_examples+production_code+tests | attention | nvidia_cuda,1,5649,0.0001770224818551956
performance | production_code | kernels_operators+model_loading_layers | intel_xpu,1,5649,0.0001770224818551956
bugfix | production_code | device_platform+kv_cache_data_movement | cpu+intel_xpu,1,5649,0.0001770224818551956
bugfix | production_code | kv_cache_data_movement+speculative_decoding | cpu,1,5649,0.0001770224818551956
bugfix | build+ci+production_code+tests | kernels_operators+model_implementation | cpu,1,5649,0.0001770224818551956
bugfix | ci+production_code | kernels_operators | nvidia_cuda,1,5649,0.0001770224818551956
ci | developer_tooling+production_code+tests | model_implementation | amd_rocm,1,5649,0.0001770224818551956
feature | production_code+tests | engine+kv_cache_data_movement+scheduler+serving_api | backend_agnostic,1,5649,0.0001770224818551956
refactor | production_code | model_loading_layers+moe+speculative_decoding | amd_rocm,1,5649,0.0001770224818551956
performance | production_code | kernels_operators+kv_cache_data_movement+speculative_decoding+worker_model_runner | backend_agnostic,1,5649,0.0001770224818551956
performance | production_code | kernels_operators+lora+moe | nvidia_cuda,1,5649,0.0001770224818551956
performance | production_code+tests | kernels_operators+sampling | nvidia_cuda,1,5649,0.0001770224818551956
refactor | production_code+tests | model_implementation+moe+quantization | nvidia_cuda,1,5649,0.0001770224818551956
bugfix | production_code+tests | model_implementation+sampling+speculative_decoding+worker_model_runner | backend_agnostic,1,5649,0.0001770224818551956
feature | production_code+tests | compilation+reliability_observability+worker_model_runner | backend_agnostic,1,5649,0.0001770224818551956
bugfix | documentation_examples+tests | support_only | amd_rocm,1,5649,0.0001770224818551956
bugfix | production_code+tests | compilation+input_processing_multimodal | backend_agnostic,1,5649,0.0001770224818551956
refactor | production_code | input_processing_multimodal+model_implementation+speculative_decoding | backend_agnostic,1,5649,0.0001770224818551956
bugfix | production_code | quantization | intel_xpu,1,5649,0.0001770224818551956
bugfix | documentation_examples+production_code+tests | attention | nvidia_cuda,1,5649,0.0001770224818551956
bugfix | production_code+tests | input_processing_multimodal+model_implementation+worker_model_runner | backend_agnostic,1,5649,0.0001770224818551956
feature | production_code | distributed_execution+model_implementation | backend_agnostic,1,5649,0.0001770224818551956
bugfix | production_code+tests | attention+input_processing_multimodal | backend_agnostic,1,5649,0.0001770224818551956
feature | documentation_examples+production_code+tests | input_processing_multimodal+kv_cache_data_movement | nvidia_cuda,1,5649,0.0001770224818551956
bugfix | build+documentation_examples+production_code+tests | attention+compilation+distributed_execution+kernels_operators+model_implementation+quantization+speculative_decoding | nvidia_cuda,1,5649,0.0001770224818551956
bugfix | production_code | distributed_execution+moe | amd_rocm,1,5649,0.0001770224818551956
bugfix | production_code | input_processing_multimodal+model_loading_layers | backend_agnostic,1,5649,0.0001770224818551956
performance | benchmarks+production_code+tests | attention+kernels_operators+kv_cache_data_movement+model_implementation+model_loading_layers+worker_model_runner | nvidia_cuda,1,5649,0.0001770224818551956
bugfix | production_code+tests | configuration_shared_infrastructure+worker_model_runner | backend_agnostic,1,5649,0.0001770224818551956
performance | build+documentation_examples+production_code+tests | attention+compilation+distributed_execution+kernels_operators+model_implementation+quantization+speculative_decoding | nvidia_cuda,1,5649,0.0001770224818551956
test | production_code+tests | kernels_operators | amd_rocm+intel_xpu,1,5649,0.0001770224818551956
build | build+ci+tests | support_only | amd_rocm+cpu+nvidia_cuda,1,5649,0.0001770224818551956
bugfix | production_code+tests | sampling+scheduler+speculative_decoding | backend_agnostic,1,5649,0.0001770224818551956
bugfix | production_code+tests | reliability_observability+sampling+scheduler | backend_agnostic,1,5649,0.0001770224818551956
feature | other | support_only | backend_agnostic,1,5649,0.0001770224818551956
bugfix | production_code | input_processing_multimodal+worker_model_runner | backend_agnostic,1,5649,0.0001770224818551956
performance | production_code+tests | input_processing_multimodal+serving_api | backend_agnostic,1,5649,0.0001770224818551956
bugfix | production_code+tests | attention+kernels_operators | backend_agnostic,1,5649,0.0001770224818551956
refactor | production_code+tests | kernels_operators+moe+quantization | amd_rocm+intel_xpu+nvidia_cuda,1,5649,0.0001770224818551956
refactor | production_code+tests | input_processing_multimodal | nvidia_cuda,1,5649,0.0001770224818551956
bugfix | production_code+tests | distributed_execution | amd_rocm,1,5649,0.0001770224818551956
ci | ci+tests | support_only | cpu+nvidia_cuda,1,5649,0.0001770224818551956
bugfix | production_code | compilation+input_processing_multimodal+model_implementation | backend_agnostic,1,5649,0.0001770224818551956
feature | production_code | attention+kernels_operators+model_implementation+quantization | intel_xpu,1,5649,0.0001770224818551956
bugfix | production_code+tests | input_processing_multimodal+model_loading_layers | backend_agnostic,1,5649,0.0001770224818551956
refactor | production_code | kv_cache_data_movement+model_implementation+worker_model_runner | backend_agnostic,1,5649,0.0001770224818551956
bugfix | benchmarks+build+production_code+tests | other | backend_agnostic,1,5649,0.0001770224818551956
maintenance | production_code+tests | scheduler+serving_api | backend_agnostic,1,5649,0.0001770224818551956
bugfix | production_code+tests | kernels_operators+sampling | nvidia_cuda,1,5649,0.0001770224818551956
refactor | benchmarks+build+production_code+tests | reliability_observability | backend_agnostic,1,5649,0.0001770224818551956
performance | production_code+tests | attention+kv_cache_data_movement | nvidia_cuda,1,5649,0.0001770224818551956
feature | production_code+tests | compilation+reliability_observability+worker_model_runner | nvidia_cuda,1,5649,0.0001770224818551956
bugfix | production_code | model_implementation+model_loading_layers+moe+quantization | amd_rocm,1,5649,0.0001770224818551956
performance | build+ci+production_code+tests | attention+kernels_operators | nvidia_cuda,1,5649,0.0001770224818551956
performance | production_code+tests | compilation+kernels_operators+model_implementation+moe+worker_model_runner | nvidia_cuda,1,5649,0.0001770224818551956
refactor | production_code+tests | model_loading_layers+moe+quantization | intel_xpu+nvidia_cuda,1,5649,0.0001770224818551956
bugfix | ci+production_code | device_platform+kernels_operators+worker_model_runner | amd_rocm,1,5649,0.0001770224818551956
bugfix | ci+production_code+tests | kv_cache_data_movement+model_implementation | amd_rocm,1,5649,0.0001770224818551956
feature | build+production_code+tests | attention+compilation+kernels_operators+model_implementation+quantization | amd_rocm+nvidia_cuda,1,5649,0.0001770224818551956
ci | benchmarks+developer_tooling | support_only | backend_agnostic,1,5649,0.0001770224818551956
feature | production_code | attention+device_platform+kernels_operators | cpu,1,5649,0.0001770224818551956
bugfix | production_code+tests | kernels_operators+kv_cache_data_movement | nvidia_cuda,1,5649,0.0001770224818551956
bugfix | production_code | speculative_decoding | cpu,1,5649,0.0001770224818551956
bugfix | production_code | model_loading_layers+moe | backend_agnostic,1,5649,0.0001770224818551956
bugfix | production_code+tests | kv_cache_data_movement+speculative_decoding | cpu,1,5649,0.0001770224818551956
performance | build+production_code+tests | engine+serving_api | backend_agnostic,1,5649,0.0001770224818551956
feature | documentation_examples+production_code | attention+quantization | nvidia_cuda,1,5649,0.0001770224818551956
bugfix | production_code+tests | moe+quantization | amd_rocm+nvidia_cuda,1,5649,0.0001770224818551956
performance | production_code+tests | compilation+kernels_operators+quantization | nvidia_cuda,1,5649,0.0001770224818551956
feature | production_code | worker_model_runner | backend_agnostic,1,5649,0.0001770224818551956
feature | build+developer_tooling+documentation_examples+production_code+tests | attention+device_platform+kernels_operators+model_implementation+moe+quantization+worker_model_runner | nvidia_cuda,1,5649,0.0001770224818551956
ci | build+ci+production_code+tests | moe+quantization | nvidia_cuda,1,5649,0.0001770224818551956
bugfix | production_code+tests | input_processing_multimodal+scheduler+speculative_decoding+worker_model_runner | backend_agnostic,1,5649,0.0001770224818551956
ci | developer_tooling+production_code+tests | lora+moe | backend_agnostic,1,5649,0.0001770224818551956
feature | production_code+tests | quantization | intel_xpu,1,5649,0.0001770224818551956
bugfix | documentation_examples+production_code+tests | attention+kv_cache_data_movement+model_implementation | backend_agnostic,1,5649,0.0001770224818551956
feature | documentation_examples+production_code+tests | attention | nvidia_cuda,1,5649,0.0001770224818551956
bugfix | production_code+tests | attention+kernels_operators+kv_cache_data_movement+quantization | backend_agnostic,1,5649,0.0001770224818551956
bugfix | ci+production_code | kernels_operators+moe+quantization | amd_rocm,1,5649,0.0001770224818551956
bugfix | build+ci+production_code+tests | engine+serving_api | backend_agnostic,1,5649,0.0001770224818551956
refactor | benchmarks+production_code+tests | attention+kernels_operators | amd_rocm+nvidia_cuda,1,5649,0.0001770224818551956
build | benchmarks+build+ci | support_only | backend_agnostic,1,5649,0.0001770224818551956
refactor | build+production_code+tests | input_processing_multimodal | backend_agnostic,1,5649,0.0001770224818551956
feature | benchmarks+build+developer_tooling+production_code+tests | serving_api | backend_agnostic,1,5649,0.0001770224818551956
ci | ci+production_code+tests | attention | amd_rocm,1,5649,0.0001770224818551956
feature | build+production_code | moe+quantization | nvidia_cuda,1,5649,0.0001770224818551956
performance | production_code+tests | scheduler+speculative_decoding | nvidia_cuda,1,5649,0.0001770224818551956
feature | production_code+tests | distributed_execution+kernels_operators | amd_rocm,1,5649,0.0001770224818551956
performance | production_code | attention+kernels_operators+model_implementation | amd_rocm,1,5649,0.0001770224818551956
performance | build+production_code | kernels_operators+quantization | cpu,1,5649,0.0001770224818551956
feature | documentation_examples+production_code | attention+kernels_operators+model_implementation+speculative_decoding+worker_model_runner | cpu,1,5649,0.0001770224818551956
performance | benchmarks+production_code | compilation+distributed_execution | nvidia_cuda,1,5649,0.0001770224818551956
bugfix | ci+production_code+tests | device_platform+kernels_operators+kv_cache_data_movement+worker_model_runner | cpu,1,5649,0.0001770224818551956
bugfix | ci+production_code | device_platform | amd_rocm,1,5649,0.0001770224818551956
feature | production_code+tests | attention+distributed_execution | nvidia_cuda,1,5649,0.0001770224818551956
bugfix | production_code+tests | kernels_operators+sampling+speculative_decoding | nvidia_cuda,1,5649,0.0001770224818551956
performance | production_code | kv_cache_data_movement | amd_rocm+nvidia_cuda,1,5649,0.0001770224818551956
performance | production_code+tests | sampling | backend_agnostic,1,5649,0.0001770224818551956
bugfix | production_code | device_platform+reliability_observability | cpu+intel_xpu+nvidia_cuda,1,5649,0.0001770224818551956
bugfix | build+production_code | kernels_operators+moe+quantization | nvidia_cuda,1,5649,0.0001770224818551956
feature | production_code | input_processing_multimodal+model_implementation+speculative_decoding+worker_model_runner | backend_agnostic,1,5649,0.0001770224818551956
performance | benchmarks+build+ci+production_code+tests | kernels_operators+moe | cpu,1,5649,0.0001770224818551956
performance | production_code | lora | backend_agnostic,1,5649,0.0001770224818551956
bugfix | production_code | attention+compilation | intel_xpu,1,5649,0.0001770224818551956
feature | documentation_examples+production_code | attention+device_platform | nvidia_cuda,1,5649,0.0001770224818551956
other | documentation_examples+production_code+tests | model_implementation | intel_xpu,1,5649,0.0001770224818551956
performance | production_code | moe+quantization | amd_rocm+nvidia_cuda,1,5649,0.0001770224818551956
feature | build+production_code+tests | sampling+serving_api | backend_agnostic,1,5649,0.0001770224818551956
refactor | benchmarks+build+developer_tooling+production_code+tests | other | backend_agnostic,1,5649,0.0001770224818551956
feature | ci+production_code+tests | distributed_execution+serving_api | backend_agnostic,1,5649,0.0001770224818551956
performance | production_code+tests | device_platform+kernels_operators+model_loading_layers | amd_rocm+cpu+intel_xpu+nvidia_cuda,1,5649,0.0001770224818551956
feature | build+production_code+tests | attention+kernels_operators+kv_cache_data_movement+model_implementation+quantization | amd_rocm+nvidia_cuda,1,5649,0.0001770224818551956
performance | production_code+tests | attention+kernels_operators | amd_rocm+nvidia_cuda,1,5649,0.0001770224818551956
bugfix | production_code+tests | compilation+engine | backend_agnostic,1,5649,0.0001770224818551956
bugfix | production_code | attention+compilation+distributed_execution+input_processing_multimodal+model_implementation+worker_model_runner | backend_agnostic,1,5649,0.0001770224818551956
performance | production_code+tests | distributed_execution+scheduler | backend_agnostic,1,5649,0.0001770224818551956
feature | production_code+tests | configuration_shared_infrastructure+serving_api | backend_agnostic,1,5649,0.0001770224818551956
feature | documentation_examples+production_code+tests | attention+engine+kv_cache_data_movement+model_implementation+scheduler | backend_agnostic,1,5649,0.0001770224818551956
feature | benchmarks+production_code+tests | attention+quantization | amd_rocm+nvidia_cuda,1,5649,0.0001770224818551956
bugfix | build+production_code+tests | input_processing_multimodal+model_implementation | amd_rocm,1,5649,0.0001770224818551956
feature | documentation_examples+production_code+tests | device_platform+model_loading_layers+reliability_observability | cpu,1,5649,0.0001770224818551956
refactor | documentation_examples+production_code+tests | quantization | amd_rocm+nvidia_cuda,1,5649,0.0001770224818551956
performance | production_code+tests | attention+configuration_shared_infrastructure+device_platform+input_processing_multimodal+kv_cache_data_movement+lora+model_implementation+model_loading_layers+other+sampling+speculative_decoding+worker_model_runner | cpu+intel_xpu+nvidia_cuda,1,5649,0.0001770224818551956
feature | production_code+tests | compilation+reliability_observability | backend_agnostic,1,5649,0.0001770224818551956
bugfix | benchmarks+production_code+tests | device_platform | nvidia_cuda,1,5649,0.0001770224818551956
performance | production_code+tests | model_loading_layers | amd_rocm+nvidia_cuda,1,5649,0.0001770224818551956
feature | documentation_examples+production_code+tests | sampling+serving_api | backend_agnostic,1,5649,0.0001770224818551956
feature | ci+tests | support_only | amd_rocm,1,5649,0.0001770224818551956
bugfix | documentation_examples+production_code | attention | nvidia_cuda,1,5649,0.0001770224818551956
bugfix | production_code+tests | compilation+distributed_execution+lora+worker_model_runner | nvidia_cuda,1,5649,0.0001770224818551956
feature | build+developer_tooling+documentation_examples+production_code+tests | attention+input_processing_multimodal+kernels_operators+model_implementation+model_loading_layers+moe+quantization+serving_api+speculative_decoding | amd_rocm+nvidia_cuda,1,5649,0.0001770224818551956
feature | production_code+tests | attention+kernels_operators | cpu,1,5649,0.0001770224818551956
feature | production_code+tests | compilation+device_platform | intel_xpu,1,5649,0.0001770224818551956
bugfix | production_code | configuration_shared_infrastructure+input_processing_multimodal+worker_model_runner | backend_agnostic,1,5649,0.0001770224818551956
performance | benchmarks+production_code+tests | kernels_operators+moe+quantization | amd_rocm,1,5649,0.0001770224818551956
bugfix | production_code | moe | intel_xpu,1,5649,0.0001770224818551956
build | build+ci+production_code | attention+kernels_operators+moe+quantization | nvidia_cuda,1,5649,0.0001770224818551956
performance | documentation_examples+production_code+tests | compilation+model_implementation+worker_model_runner | nvidia_cuda,1,5649,0.0001770224818551956
bugfix | documentation_examples+production_code | configuration_shared_infrastructure | backend_agnostic,1,5649,0.0001770224818551956
bugfix | production_code | attention+kernels_operators+kv_cache_data_movement | amd_rocm,1,5649,0.0001770224818551956
bugfix | production_code | engine+input_processing_multimodal+kv_cache_data_movement | backend_agnostic,1,5649,0.0001770224818551956
bugfix | production_code+tests | kernels_operators+quantization | amd_rocm+nvidia_cuda,1,5649,0.0001770224818551956
test | build+tests | support_only | amd_rocm+nvidia_cuda,1,5649,0.0001770224818551956
performance | production_code+tests | distributed_execution+kv_cache_data_movement+worker_model_runner | nvidia_cuda,1,5649,0.0001770224818551956
build | build+production_code | device_platform+kernels_operators+moe+quantization | amd_rocm+nvidia_cuda,1,5649,0.0001770224818551956
build | build+ci+documentation_examples | support_only | intel_xpu,1,5649,0.0001770224818551956
feature | production_code | model_implementation+model_loading_layers | nvidia_cuda,1,5649,0.0001770224818551956
bugfix | production_code | attention+model_implementation+speculative_decoding | amd_rocm+intel_xpu+nvidia_cuda,1,5649,0.0001770224818551956
bugfix | production_code+tests | kernels_operators+lora+moe+quantization | backend_agnostic,1,5649,0.0001770224818551956
performance | production_code | other | backend_agnostic,1,5649,0.0001770224818551956
performance | documentation_examples+production_code+tests | kv_cache_data_movement | backend_agnostic,1,5649,0.0001770224818551956
bugfix | production_code | device_platform+moe+quantization | amd_rocm,1,5649,0.0001770224818551956
bugfix | production_code+tests | kernels_operators+kv_cache_data_movement | backend_agnostic,1,5649,0.0001770224818551956
performance | production_code | kernels_operators+quantization | amd_rocm+nvidia_cuda,1,5649,0.0001770224818551956
bugfix | production_code+tests | attention+kernels_operators+kv_cache_data_movement+model_implementation+quantization | amd_rocm,1,5649,0.0001770224818551956
bugfix | documentation_examples+production_code+tests | device_platform+kernels_operators+moe+quantization | amd_rocm+cpu+intel_xpu+nvidia_cuda,1,5649,0.0001770224818551956
bugfix | production_code | kernels_operators+speculative_decoding+worker_model_runner | cpu,1,5649,0.0001770224818551956
bugfix | build+production_code+tests | lora+serving_api | backend_agnostic,1,5649,0.0001770224818551956
refactor | production_code+tests | kv_cache_data_movement | nvidia_cuda,1,5649,0.0001770224818551956
refactor | build+production_code+tests | kernels_operators+moe | nvidia_cuda,1,5649,0.0001770224818551956
performance | production_code | kernels_operators+model_implementation+quantization | nvidia_cuda,1,5649,0.0001770224818551956
bugfix | production_code+tests | quantization | intel_xpu,1,5649,0.0001770224818551956
bugfix | production_code | lora+speculative_decoding | backend_agnostic,1,5649,0.0001770224818551956
performance | production_code | attention+compilation | amd_rocm+nvidia_cuda,1,5649,0.0001770224818551956
maintenance | production_code+tests | reliability_observability | nvidia_cuda,1,5649,0.0001770224818551956
refactor | build+ci+production_code+tests | moe+quantization | cpu+intel_xpu+nvidia_cuda,1,5649,0.0001770224818551956
bugfix | production_code | attention+quantization | nvidia_cuda,1,5649,0.0001770224818551956
feature | documentation_examples+production_code | attention+kv_cache_data_movement+quantization+worker_model_runner | nvidia_cuda,1,5649,0.0001770224818551956
feature | production_code | moe+quantization | amd_rocm,1,5649,0.0001770224818551956
bugfix | production_code+tests | attention+worker_model_runner | amd_rocm,1,5649,0.0001770224818551956
ci | ci+production_code | kernels_operators | amd_rocm,1,5649,0.0001770224818551956
refactor | production_code+tests | lora+serving_api | backend_agnostic,1,5649,0.0001770224818551956
feature | production_code | attention+kernels_operators+model_implementation | nvidia_cuda,1,5649,0.0001770224818551956
refactor | production_code | device_platform+kernels_operators+moe+quantization+sampling | amd_rocm+nvidia_cuda,1,5649,0.0001770224818551956
bugfix | production_code | attention+kernels_operators+model_implementation+worker_model_runner | nvidia_cuda,1,5649,0.0001770224818551956
feature | production_code+tests | attention+model_implementation+speculative_decoding | nvidia_cuda,1,5649,0.0001770224818551956
refactor | benchmarks+build+production_code+tests | attention+kernels_operators | amd_rocm+nvidia_cuda,1,5649,0.0001770224818551956
bugfix | production_code+tests | attention+kv_cache_data_movement+model_implementation | backend_agnostic,1,5649,0.0001770224818551956
performance | production_code | attention+compilation+worker_model_runner | nvidia_cuda,1,5649,0.0001770224818551956
bugfix | production_code | kernels_operators+model_implementation+moe | amd_rocm+nvidia_cuda,1,5649,0.0001770224818551956
performance | production_code+tests | kernels_operators+model_implementation+speculative_decoding | amd_rocm+nvidia_cuda,1,5649,0.0001770224818551956
feature | ci+production_code+tests | worker_model_runner | nvidia_cuda,1,5649,0.0001770224818551956
build | build+production_code | kernels_operators | amd_rocm,1,5649,0.0001770224818551956
refactor | production_code+tests | engine+sampling+serving_api | backend_agnostic,1,5649,0.0001770224818551956
feature | documentation_examples+production_code+tests | attention+input_processing_multimodal+model_implementation+model_loading_layers | backend_agnostic,1,5649,0.0001770224818551956
feature | documentation_examples+production_code+tests | speculative_decoding | backend_agnostic,1,5649,0.0001770224818551956
performance | documentation_examples+production_code+tests | attention+compilation+kernels_operators+quantization | amd_rocm,1,5649,0.0001770224818551956
feature | production_code | model_implementation+model_loading_layers+speculative_decoding | nvidia_cuda,1,5649,0.0001770224818551956
feature | benchmarks+production_code+tests | attention+compilation+kernels_operators+kv_cache_data_movement+model_implementation+sampling+scheduler+speculative_decoding+worker_model_runner | nvidia_cuda,1,5649,0.0001770224818551956
refactor | benchmarks+documentation_examples+production_code+tests | engine | backend_agnostic,1,5649,0.0001770224818551956
bugfix | production_code | lora+model_implementation+moe | backend_agnostic,1,5649,0.0001770224818551956
bugfix | ci+production_code | kernels_operators+lora+moe | intel_xpu,1,5649,0.0001770224818551956
performance | production_code | attention+model_implementation | amd_rocm,1,5649,0.0001770224818551956
bugfix | production_code+tests | kv_cache_data_movement+model_implementation | backend_agnostic,1,5649,0.0001770224818551956
performance | production_code | model_implementation+model_loading_layers | amd_rocm,1,5649,0.0001770224818551956
bugfix | production_code+tests | kernels_operators+speculative_decoding | nvidia_cuda,1,5649,0.0001770224818551956
ci | build+ci+documentation_examples+production_code+tests | attention | amd_rocm,1,5649,0.0001770224818551956
performance | production_code | kernels_operators+model_implementation+moe | amd_rocm+nvidia_cuda,1,5649,0.0001770224818551956
bugfix | ci+production_code+tests | serving_api | amd_rocm+nvidia_cuda,1,5649,0.0001770224818551956
performance | production_code | model_implementation+sampling | backend_agnostic,1,5649,0.0001770224818551956
feature | build+documentation_examples+production_code+tests | input_processing_multimodal | cpu+intel_xpu+nvidia_cuda,1,5649,0.0001770224818551956
feature | ci+production_code+tests | model_implementation | cpu,1,5649,0.0001770224818551956
bugfix | production_code | attention+kv_cache_data_movement+worker_model_runner | nvidia_cuda,1,5649,0.0001770224818551956
bugfix | production_code+tests | distributed_execution+worker_model_runner | nvidia_cuda,1,5649,0.0001770224818551956
performance | ci+developer_tooling+documentation_examples+production_code+tests | attention+distributed_execution+model_implementation+model_loading_layers+moe+quantization | amd_rocm+cpu+nvidia_cuda,1,5649,0.0001770224818551956
refactor | build+production_code | kernels_operators+quantization | amd_rocm+nvidia_cuda,1,5649,0.0001770224818551956
performance | production_code+tests | reliability_observability | backend_agnostic,1,5649,0.0001770224818551956
bugfix | ci+production_code+tests | compilation+distributed_execution | amd_rocm,1,5649,0.0001770224818551956
bugfix | production_code+tests | input_processing_multimodal+worker_model_runner | nvidia_cuda,1,5649,0.0001770224818551956
feature | documentation_examples+production_code+tests | compilation+speculative_decoding+worker_model_runner | backend_agnostic,1,5649,0.0001770224818551956
feature | build+documentation_examples+production_code+tests | compilation+kernels_operators+quantization | cpu+intel_xpu,1,5649,0.0001770224818551956
bugfix | ci+production_code+tests | compilation+kernels_operators+moe+quantization | cpu,1,5649,0.0001770224818551956
performance | tests | support_only | intel_xpu,1,5649,0.0001770224818551956
feature | production_code+tests | attention+compilation+kernels_operators+model_implementation+moe+speculative_decoding+worker_model_runner | backend_agnostic,1,5649,0.0001770224818551956
feature | documentation_examples+production_code | attention+speculative_decoding | nvidia_cuda,1,5649,0.0001770224818551956
bugfix | ci+production_code | model_implementation+speculative_decoding | intel_xpu,1,5649,0.0001770224818551956
bugfix | production_code+tests | worker_model_runner | intel_xpu,1,5649,0.0001770224818551956
bugfix | ci+production_code+tests | attention+worker_model_runner | amd_rocm+nvidia_cuda,1,5649,0.0001770224818551956
bugfix | documentation_examples+production_code+tests | input_processing_multimodal+serving_api | backend_agnostic,1,5649,0.0001770224818551956
bugfix | production_code+tests | model_loading_layers | cpu,1,5649,0.0001770224818551956
performance | production_code | attention+model_implementation | amd_rocm+nvidia_cuda,1,5649,0.0001770224818551956
build | build+ci+production_code+tests | model_loading_layers | amd_rocm+cpu+intel_xpu+nvidia_cuda,1,5649,0.0001770224818551956
feature | ci+documentation_examples+production_code | kernels_operators+quantization | intel_xpu,1,5649,0.0001770224818551956
bugfix | production_code+tests | other+speculative_decoding | backend_agnostic,1,5649,0.0001770224818551956
ci | production_code | kernels_operators | cpu,1,5649,0.0001770224818551956
refactor | production_code | lora | backend_agnostic,1,5649,0.0001770224818551956
performance | production_code | kernels_operators+worker_model_runner | backend_agnostic,1,5649,0.0001770224818551956
refactor | production_code+tests | lora+model_implementation+model_loading_layers+quantization | amd_rocm+nvidia_cuda,1,5649,0.0001770224818551956
feature | build+production_code+tests | input_processing_multimodal | backend_agnostic,1,5649,0.0001770224818551956
feature | ci+production_code+tests | moe+quantization | cpu,1,5649,0.0001770224818551956
bugfix | production_code+tests | distributed_execution+kernels_operators+moe+speculative_decoding+worker_model_runner | amd_rocm+nvidia_cuda,1,5649,0.0001770224818551956
feature | documentation_examples+production_code+tests | attention+model_implementation+moe | amd_rocm+nvidia_cuda,1,5649,0.0001770224818551956
performance | production_code+tests | attention+distributed_execution+kernels_operators+kv_cache_data_movement+model_implementation+moe+speculative_decoding | nvidia_cuda,1,5649,0.0001770224818551956
performance | production_code+tests | attention | amd_rocm,1,5649,0.0001770224818551956
bugfix | documentation_examples+production_code | compilation+model_implementation | nvidia_cuda,1,5649,0.0001770224818551956
performance | production_code | model_implementation+model_loading_layers+moe+speculative_decoding | amd_rocm,1,5649,0.0001770224818551956
performance | production_code | kernels_operators+speculative_decoding | backend_agnostic,1,5649,0.0001770224818551956
performance | production_code | model_implementation+moe | amd_rocm,1,5649,0.0001770224818551956
refactor | documentation_examples+production_code+tests | distributed_execution+engine+model_loading_layers+serving_api+worker_model_runner | nvidia_cuda,1,5649,0.0001770224818551956
bugfix | build+production_code+tests | other | nvidia_cuda,1,5649,0.0001770224818551956
feature | documentation_examples+production_code | kernels_operators+moe | nvidia_cuda,1,5649,0.0001770224818551956
bugfix | build | support_only | intel_xpu+nvidia_cuda,1,5649,0.0001770224818551956
feature | build+production_code+tests | input_processing_multimodal+worker_model_runner | nvidia_cuda,1,5649,0.0001770224818551956
bugfix | production_code | kernels_operators+sampling+speculative_decoding | nvidia_cuda,1,5649,0.0001770224818551956
feature | production_code | attention+model_implementation+model_loading_layers+moe+speculative_decoding | nvidia_cuda,1,5649,0.0001770224818551956
bugfix | ci+production_code+tests | distributed_execution+model_implementation | nvidia_cuda,1,5649,0.0001770224818551956
bugfix | build+ci+developer_tooling+documentation_examples+production_code+tests | attention+kernels_operators+moe+quantization | cpu,1,5649,0.0001770224818551956
bugfix | build+documentation_examples+production_code+tests | model_implementation | amd_rocm+intel_xpu+nvidia_cuda,1,5649,0.0001770224818551956
performance | production_code | moe+quantization | amd_rocm,1,5649,0.0001770224818551956
bugfix | ci+documentation_examples+production_code+tests | attention | amd_rocm,1,5649,0.0001770224818551956
other | documentation_examples+production_code+tests | input_processing_multimodal+model_implementation+moe | backend_agnostic,1,5649,0.0001770224818551956
build | production_code | kernels_operators | amd_rocm,1,5649,0.0001770224818551956
performance | benchmarks+build+production_code+tests | other | backend_agnostic,1,5649,0.0001770224818551956
performance | production_code | attention+kernels_operators+model_implementation | nvidia_cuda,1,5649,0.0001770224818551956
feature | production_code+tests | compilation | intel_xpu,1,5649,0.0001770224818551956
maintenance | ci+documentation_examples+production_code+tests | input_processing_multimodal+model_implementation | amd_rocm+cpu+intel_xpu+nvidia_cuda,1,5649,0.0001770224818551956
performance | build+production_code+tests | device_platform+kernels_operators+model_loading_layers | cpu,1,5649,0.0001770224818551956
bugfix | production_code | kernels_operators+lora+moe | amd_rocm,1,5649,0.0001770224818551956
feature | documentation_examples+production_code+tests | attention+distributed_execution+kernels_operators | nvidia_cuda,1,5649,0.0001770224818551956
feature | production_code+tests | attention+kernels_operators+model_implementation | nvidia_cuda,1,5649,0.0001770224818551956
performance | build+production_code | attention+compilation+kernels_operators+worker_model_runner | nvidia_cuda,1,5649,0.0001770224818551956
performance | ci+production_code+tests | distributed_execution | nvidia_cuda,1,5649,0.0001770224818551956
refactor | benchmarks+developer_tooling+production_code+tests | attention+configuration_shared_infrastructure+device_platform+kv_cache_data_movement+lora+model_implementation+model_loading_layers+moe+speculative_decoding+worker_model_runner | cpu+intel_xpu,1,5649,0.0001770224818551956
bugfix | production_code+tests | attention+worker_model_runner | nvidia_cuda,1,5649,0.0001770224818551956
refactor | production_code | kernels_operators | nvidia_cuda,1,5649,0.0001770224818551956
refactor | benchmarks+build+production_code+tests | configuration_shared_infrastructure | backend_agnostic,1,5649,0.0001770224818551956
refactor | production_code+tests | lora+model_loading_layers+moe | backend_agnostic,1,5649,0.0001770224818551956
performance | build+production_code+tests | kernels_operators+kv_cache_data_movement | cpu,1,5649,0.0001770224818551956
bugfix | ci+production_code+tests | attention | amd_rocm,1,5649,0.0001770224818551956
ci | ci+tests | support_only | intel_xpu,1,5649,0.0001770224818551956
feature | documentation_examples+production_code | attention+compilation+kernels_operators+model_implementation+model_loading_layers | nvidia_cuda,1,5649,0.0001770224818551956
build | build+developer_tooling | support_only | cpu,1,5649,0.0001770224818551956
bugfix | ci+production_code+tests | device_platform+worker_model_runner | cpu+intel_xpu,1,5649,0.0001770224818551956
refactor | developer_tooling+production_code+tests | configuration_shared_infrastructure+device_platform+model_implementation+speculative_decoding+worker_model_runner | cpu+intel_xpu,1,5649,0.0001770224818551956
feature | documentation_examples+production_code+tests | kv_cache_data_movement | amd_rocm+nvidia_cuda,1,5649,0.0001770224818551956
bugfix | production_code+tests | compilation | intel_xpu,1,5649,0.0001770224818551956
bugfix | production_code | configuration_shared_infrastructure+scheduler | backend_agnostic,1,5649,0.0001770224818551956
bugfix | production_code | attention+distributed_execution | nvidia_cuda,1,5649,0.0001770224818551956
bugfix | production_code+tests | worker_model_runner | amd_rocm,1,5649,0.0001770224818551956
build | build+tests | support_only | amd_rocm+cpu+intel_xpu+nvidia_cuda,1,5649,0.0001770224818551956
performance | production_code | attention+kernels_operators+kv_cache_data_movement+worker_model_runner | amd_rocm+nvidia_cuda,1,5649,0.0001770224818551956
build | build+production_code+tests | kernels_operators+worker_model_runner | nvidia_cuda,1,5649,0.0001770224818551956
refactor | build+production_code+tests | serving_api | backend_agnostic,1,5649,0.0001770224818551956
feature | production_code+tests | engine+serving_api | cpu,1,5649,0.0001770224818551956
feature | production_code+tests | attention+serving_api | backend_agnostic,1,5649,0.0001770224818551956
performance | production_code+tests | attention+distributed_execution+kernels_operators+serving_api | nvidia_cuda,1,5649,0.0001770224818551956
bugfix | build+production_code | input_processing_multimodal | backend_agnostic,1,5649,0.0001770224818551956
bugfix | benchmarks+production_code+tests | distributed_execution+engine+kv_cache_data_movement+worker_model_runner | backend_agnostic,1,5649,0.0001770224818551956
ci | developer_tooling+production_code | other | backend_agnostic,1,5649,0.0001770224818551956
bugfix | production_code+tests | compilation+worker_model_runner | amd_rocm+nvidia_cuda,1,5649,0.0001770224818551956
bugfix | benchmarks+developer_tooling+documentation_examples+production_code+tests | compilation+configuration_shared_infrastructure+device_platform+distributed_execution+kernels_operators+moe+quantization+sampling+worker_model_runner | amd_rocm+intel_xpu,1,5649,0.0001770224818551956
performance | production_code+tests | distributed_execution | backend_agnostic,1,5649,0.0001770224818551956
feature | build+production_code | input_processing_multimodal+model_implementation | backend_agnostic,1,5649,0.0001770224818551956
feature | build+documentation_examples+production_code+tests | input_processing_multimodal+model_implementation | backend_agnostic,1,5649,0.0001770224818551956
feature | documentation_examples+production_code | attention+model_implementation | backend_agnostic,1,5649,0.0001770224818551956
feature | ci+documentation_examples+tests | support_only | amd_rocm,1,5649,0.0001770224818551956
bugfix | production_code+tests | attention+kernels_operators+quantization | intel_xpu,1,5649,0.0001770224818551956
refactor | benchmarks+ci+documentation_examples+production_code+tests | distributed_execution+kernels_operators+lora+moe+quantization | amd_rocm+intel_xpu+nvidia_cuda,1,5649,0.0001770224818551956
test | ci+production_code+tests | compilation | amd_rocm+nvidia_cuda,1,5649,0.0001770224818551956
bugfix | ci+production_code+tests | distributed_execution | cpu,1,5649,0.0001770224818551956
performance | benchmarks | support_only | other,1,5649,0.0001770224818551956
bugfix | developer_tooling | support_only | cpu,1,5649,0.0001770224818551956
bugfix | production_code | other+serving_api | backend_agnostic,1,5649,0.0001770224818551956
feature | production_code+tests | engine+scheduler+serving_api | backend_agnostic,1,5649,0.0001770224818551956
refactor | production_code | attention+compilation+speculative_decoding+worker_model_runner | backend_agnostic,1,5649,0.0001770224818551956
refactor | production_code | kernels_operators+sampling | backend_agnostic,1,5649,0.0001770224818551956
performance | production_code | compilation+worker_model_runner | nvidia_cuda,1,5649,0.0001770224818551956
feature | build+production_code | device_platform+kv_cache_data_movement | intel_xpu,1,5649,0.0001770224818551956
bugfix | production_code | compilation+model_implementation | nvidia_cuda,1,5649,0.0001770224818551956
bugfix | production_code | compilation+kv_cache_data_movement | backend_agnostic,1,5649,0.0001770224818551956
bugfix | production_code | compilation+distributed_execution+speculative_decoding+worker_model_runner | backend_agnostic,1,5649,0.0001770224818551956
feature | benchmarks | support_only | intel_xpu,1,5649,0.0001770224818551956
documentation | documentation_examples+production_code | compilation | amd_rocm+nvidia_cuda,1,5649,0.0001770224818551956
feature | production_code | attention | amd_rocm,1,5649,0.0001770224818551956
performance | production_code+tests | compilation+kernels_operators+model_implementation | backend_agnostic,1,5649,0.0001770224818551956
test | developer_tooling+tests | support_only | amd_rocm,1,5649,0.0001770224818551956
feature | production_code+tests | input_processing_multimodal+sampling+serving_api | amd_rocm,1,5649,0.0001770224818551956
bugfix | ci+production_code+tests | kv_cache_data_movement+speculative_decoding+worker_model_runner | nvidia_cuda,1,5649,0.0001770224818551956
bugfix | build+documentation_examples+production_code+tests | attention | amd_rocm,1,5649,0.0001770224818551956
performance | production_code | reliability_observability | backend_agnostic,1,5649,0.0001770224818551956
bugfix | ci+production_code+tests | distributed_execution+worker_model_runner | backend_agnostic,1,5649,0.0001770224818551956
feature | production_code | distributed_execution+serving_api+worker_model_runner | backend_agnostic,1,5649,0.0001770224818551956
feature | build | support_only | cpu,1,5649,0.0001770224818551956
feature | documentation_examples+production_code+tests | attention+compilation+kernels_operators+model_implementation+model_loading_layers | backend_agnostic,1,5649,0.0001770224818551956
documentation | documentation_examples+production_code | serving_api | backend_agnostic,1,5649,0.0001770224818551956
ci | ci+developer_tooling+documentation_examples+production_code+tests | configuration_shared_infrastructure | backend_agnostic,1,5649,0.0001770224818551956
refactor | documentation_examples+production_code+tests | attention+device_platform | amd_rocm,1,5649,0.0001770224818551956
bugfix | benchmarks+production_code+tests | input_processing_multimodal+model_implementation | backend_agnostic,1,5649,0.0001770224818551956
feature | production_code+tests | reliability_observability+serving_api | backend_agnostic,1,5649,0.0001770224818551956
refactor | benchmarks+developer_tooling+documentation_examples+production_code+tests | device_platform+distributed_execution+kernels_operators+moe+quantization+worker_model_runner | intel_xpu+nvidia_cuda,1,5649,0.0001770224818551956
maintenance | production_code | compilation+configuration_shared_infrastructure+input_processing_multimodal | backend_agnostic,1,5649,0.0001770224818551956
performance | production_code | kernels_operators | cpu,1,5649,0.0001770224818551956
feature | production_code+tests | lora+model_implementation | backend_agnostic,1,5649,0.0001770224818551956
ci | production_code | serving_api | backend_agnostic,1,5649,0.0001770224818551956
feature | production_code | device_platform+distributed_execution | amd_rocm+nvidia_cuda,1,5649,0.0001770224818551956
refactor | production_code | kernels_operators+speculative_decoding+worker_model_runner | backend_agnostic,1,5649,0.0001770224818551956
bugfix | production_code+tests | distributed_execution | nvidia_cuda,1,5649,0.0001770224818551956
ci | ci+developer_tooling+production_code+tests | attention+compilation+distributed_execution+engine+kv_cache_data_movement+moe+sampling+speculative_decoding | nvidia_cuda,1,5649,0.0001770224818551956
feature | production_code | worker_model_runner | intel_xpu,1,5649,0.0001770224818551956
feature | ci+developer_tooling+documentation_examples+production_code+tests | distributed_execution | amd_rocm+nvidia_cuda,1,5649,0.0001770224818551956
bugfix | production_code | model_implementation+model_loading_layers | nvidia_cuda,1,5649,0.0001770224818551956
bugfix | production_code+tests | compilation+distributed_execution+speculative_decoding+worker_model_runner | backend_agnostic,1,5649,0.0001770224818551956
feature | documentation_examples+production_code+tests | attention+distributed_execution+model_implementation+model_loading_layers+moe+speculative_decoding | amd_rocm,1,5649,0.0001770224818551956
maintenance | developer_tooling+documentation_examples | support_only | nvidia_cuda,1,5649,0.0001770224818551956
feature | production_code+tests | attention+device_platform+kernels_operators+model_implementation | nvidia_cuda,1,5649,0.0001770224818551956
documentation | benchmarks+ci+documentation_examples+production_code | model_implementation | backend_agnostic,1,5649,0.0001770224818551956
performance | production_code+tests | lora+moe | backend_agnostic,1,5649,0.0001770224818551956
refactor | production_code+tests | attention+kv_cache_data_movement | backend_agnostic,1,5649,0.0001770224818551956
refactor | production_code | distributed_execution | google_tpu,1,5649,0.0001770224818551956
performance | production_code | distributed_execution | nvidia_cuda,1,5649,0.0001770224818551956
maintenance | build+ci+developer_tooling+documentation_examples+production_code+tests | distributed_execution+kernels_operators+moe+quantization | nvidia_cuda,1,5649,0.0001770224818551956
feature | production_code | model_loading_layers+quantization | nvidia_cuda,1,5649,0.0001770224818551956
feature | documentation_examples+production_code+tests | attention+compilation+kv_cache_data_movement+model_implementation+speculative_decoding+worker_model_runner | backend_agnostic,1,5649,0.0001770224818551956
refactor | production_code | attention+speculative_decoding+worker_model_runner | backend_agnostic,1,5649,0.0001770224818551956
refactor | production_code | compilation+worker_model_runner | backend_agnostic,1,5649,0.0001770224818551956
bugfix | production_code | kernels_operators+lora+moe | backend_agnostic,1,5649,0.0001770224818551956
feature | production_code+tests | sampling+speculative_decoding | backend_agnostic,1,5649,0.0001770224818551956
feature | production_code | quantization | amd_rocm,1,5649,0.0001770224818551956
refactor | benchmarks+production_code | engine+model_implementation+quantization | backend_agnostic,1,5649,0.0001770224818551956
bugfix | production_code | moe | cpu+intel_xpu,1,5649,0.0001770224818551956
feature | production_code | kv_cache_data_movement+scheduler | cpu,1,5649,0.0001770224818551956
feature | benchmarks+build | support_only | backend_agnostic,1,5649,0.0001770224818551956
feature | documentation_examples+production_code+tests | attention+kernels_operators+kv_cache_data_movement+model_implementation+model_loading_layers+moe | backend_agnostic,1,5649,0.0001770224818551956
bugfix | production_code+tests | kernels_operators+lora+moe | intel_xpu,1,5649,0.0001770224818551956
bugfix | production_code | device_platform+speculative_decoding | intel_xpu,1,5649,0.0001770224818551956
feature | production_code | kernels_operators+quantization | cpu,1,5649,0.0001770224818551956
performance | production_code | attention+kv_cache_data_movement | nvidia_cuda,1,5649,0.0001770224818551956
test | production_code+tests | compilation | backend_agnostic,1,5649,0.0001770224818551956
ci | ci | support_only | other,1,5649,0.0001770224818551956
feature | benchmarks+documentation_examples+production_code | reliability_observability+serving_api | backend_agnostic,1,5649,0.0001770224818551956
refactor | production_code+tests | configuration_shared_infrastructure | nvidia_cuda,1,5649,0.0001770224818551956
ci | developer_tooling+production_code | configuration_shared_infrastructure | amd_rocm+nvidia_cuda,1,5649,0.0001770224818551956
performance | production_code | attention+compilation+kv_cache_data_movement | backend_agnostic,1,5649,0.0001770224818551956
bugfix | production_code+tests | compilation+kernels_operators+lora | nvidia_cuda,1,5649,0.0001770224818551956
bugfix | production_code | reliability_observability+worker_model_runner | backend_agnostic,1,5649,0.0001770224818551956
bugfix | developer_tooling | support_only | backend_agnostic,1,5649,0.0001770224818551956
refactor | production_code | attention+compilation+distributed_execution+model_implementation | backend_agnostic,1,5649,0.0001770224818551956
feature | build+production_code+tests | kernels_operators+moe+quantization | nvidia_cuda,1,5649,0.0001770224818551956
build | build+tests | support_only | amd_rocm,1,5649,0.0001770224818551956
feature | build+ci+developer_tooling+documentation_examples+production_code | attention+compilation+kernels_operators | nvidia_cuda,1,5649,0.0001770224818551956
feature | documentation_examples+production_code | attention | amd_rocm,1,5649,0.0001770224818551956
bugfix | production_code+tests | attention+kernels_operators+kv_cache_data_movement+model_implementation | amd_rocm+nvidia_cuda,1,5649,0.0001770224818551956
performance | production_code+tests | kernels_operators+lora+moe | nvidia_cuda,1,5649,0.0001770224818551956
maintenance | production_code+tests | input_processing_multimodal+model_implementation+serving_api | backend_agnostic,1,5649,0.0001770224818551956
feature | production_code | attention+kernels_operators | nvidia_cuda,1,5649,0.0001770224818551956
feature | ci+documentation_examples+production_code+tests | engine+input_processing_multimodal | amd_rocm+nvidia_cuda,1,5649,0.0001770224818551956
feature | production_code+tests | kernels_operators+model_loading_layers | amd_rocm,1,5649,0.0001770224818551956
maintenance | benchmarks+documentation_examples+production_code | other | backend_agnostic,1,5649,0.0001770224818551956
bugfix | production_code | configuration_shared_infrastructure+device_platform | amd_rocm,1,5649,0.0001770224818551956
bugfix | production_code | distributed_execution+worker_model_runner | cpu,1,5649,0.0001770224818551956
feature | ci+production_code+tests | compilation+device_platform+distributed_execution+engine+moe+worker_model_runner | amd_rocm+cpu+nvidia_cuda,1,5649,0.0001770224818551956
bugfix | benchmarks+documentation_examples+production_code | other | backend_agnostic,1,5649,0.0001770224818551956
refactor | production_code | compilation+input_processing_multimodal+worker_model_runner | nvidia_cuda,1,5649,0.0001770224818551956
feature | production_code | kernels_operators+worker_model_runner | backend_agnostic,1,5649,0.0001770224818551956
performance | production_code | compilation+moe | backend_agnostic,1,5649,0.0001770224818551956
bugfix | production_code | model_implementation+serving_api | nvidia_cuda,1,5649,0.0001770224818551956
feature | build+documentation_examples+production_code+tests | model_loading_layers | amd_rocm,1,5649,0.0001770224818551956
bugfix | build+production_code | input_processing_multimodal | cpu,1,5649,0.0001770224818551956
feature | build+documentation_examples+production_code+tests | model_loading_layers | cpu+nvidia_cuda,1,5649,0.0001770224818551956
feature | production_code | kernels_operators+worker_model_runner | nvidia_cuda,1,5649,0.0001770224818551956
bugfix | build+production_code | input_processing_multimodal+serving_api | backend_agnostic,1,5649,0.0001770224818551956
feature | build+production_code | input_processing_multimodal | amd_rocm,1,5649,0.0001770224818551956
bugfix | developer_tooling+production_code+tests | configuration_shared_infrastructure+input_processing_multimodal+serving_api | cpu,1,5649,0.0001770224818551956
bugfix | build+ci+documentation_examples+production_code+tests | device_platform+kernels_operators+worker_model_runner | cpu,1,5649,0.0001770224818551956
bugfix | production_code | attention+compilation+model_implementation+moe | nvidia_cuda,1,5649,0.0001770224818551956
refactor | production_code+tests | model_implementation+speculative_decoding+worker_model_runner | backend_agnostic,1,5649,0.0001770224818551956
feature | production_code+tests | model_loading_layers+quantization | backend_agnostic,1,5649,0.0001770224818551956
feature | production_code | compilation+kernels_operators+quantization | amd_rocm,1,5649,0.0001770224818551956
bugfix | production_code | model_implementation+quantization | amd_rocm,1,5649,0.0001770224818551956
feature | production_code+tests | distributed_execution+engine+kernels_operators+moe | nvidia_cuda,1,5649,0.0001770224818551956
feature | production_code | compilation+device_platform+lora | intel_xpu,1,5649,0.0001770224818551956
performance | production_code+tests | attention+compilation | amd_rocm,1,5649,0.0001770224818551956
feature | benchmarks+documentation_examples+production_code+tests | model_implementation+model_loading_layers | backend_agnostic,1,5649,0.0001770224818551956
refactor | production_code | kernels_operators+sampling+speculative_decoding | backend_agnostic,1,5649,0.0001770224818551956
feature | production_code | moe+quantization | amd_rocm+nvidia_cuda,1,5649,0.0001770224818551956
refactor | documentation_examples+production_code+tests | kernels_operators+moe | amd_rocm+intel_xpu+nvidia_cuda,1,5649,0.0001770224818551956
performance | benchmarks+build+production_code | attention | nvidia_cuda,1,5649,0.0001770224818551956
feature | documentation_examples+production_code+tests | attention+kernels_operators | nvidia_cuda,1,5649,0.0001770224818551956
ci | production_code | input_processing_multimodal+serving_api | backend_agnostic,1,5649,0.0001770224818551956
refactor | benchmarks+developer_tooling+documentation_examples+production_code+tests | attention+device_platform+distributed_execution+kv_cache_data_movement+model_loading_layers+moe+worker_model_runner | amd_rocm+intel_xpu+nvidia_cuda,1,5649,0.0001770224818551956
ci | developer_tooling+production_code+tests | input_processing_multimodal | backend_agnostic,1,5649,0.0001770224818551956
performance | production_code+tests | kernels_operators+model_implementation | backend_agnostic,1,5649,0.0001770224818551956
feature | production_code+tests | kernels_operators+lora+quantization | nvidia_cuda,1,5649,0.0001770224818551956
refactor | production_code+tests | compilation+kernels_operators | backend_agnostic,1,5649,0.0001770224818551956
feature | production_code | attention+quantization | amd_rocm,1,5649,0.0001770224818551956
feature | benchmarks+documentation_examples+production_code+tests | input_processing_multimodal+model_implementation+serving_api | backend_agnostic,1,5649,0.0001770224818551956
performance | developer_tooling+documentation_examples+production_code | attention+device_platform | nvidia_cuda,1,5649,0.0001770224818551956
other | production_code | quantization | backend_agnostic,1,5649,0.0001770224818551956
bugfix | benchmarks+production_code+tests | attention+kernels_operators+moe+quantization | cpu,1,5649,0.0001770224818551956
performance | benchmarks+developer_tooling+documentation_examples+production_code+tests | distributed_execution+input_processing_multimodal+serving_api | nvidia_cuda,1,5649,0.0001770224818551956
feature | documentation_examples+production_code+tests | lora+serving_api | backend_agnostic,1,5649,0.0001770224818551956
feature | production_code | attention+configuration_shared_infrastructure+lora | backend_agnostic,1,5649,0.0001770224818551956
feature | production_code+tests | compilation+kernels_operators+quantization | nvidia_cuda,1,5649,0.0001770224818551956
performance | benchmarks | support_only | nvidia_cuda,1,5649,0.0001770224818551956
bugfix | production_code+tests | kernels_operators+quantization | backend_agnostic,1,5649,0.0001770224818551956
bugfix | production_code | kernels_operators+kv_cache_data_movement | backend_agnostic,1,5649,0.0001770224818551956
feature | build+production_code+tests | compilation+device_platform+model_loading_layers | cpu,1,5649,0.0001770224818551956
bugfix | documentation_examples+production_code | compilation+model_implementation | backend_agnostic,1,5649,0.0001770224818551956
performance | production_code | attention+kernels_operators+sampling+speculative_decoding | nvidia_cuda,1,5649,0.0001770224818551956
bugfix | production_code+tests | attention+kv_cache_data_movement | backend_agnostic,1,5649,0.0001770224818551956
build | production_code | kernels_operators | nvidia_cuda,1,5649,0.0001770224818551956
refactor | benchmarks+developer_tooling+production_code+tests | configuration_shared_infrastructure+model_loading_layers+worker_model_runner | backend_agnostic,1,5649,0.0001770224818551956
bugfix | production_code | distributed_execution+model_implementation | backend_agnostic,1,5649,0.0001770224818551956
build | build+ci+developer_tooling+documentation_examples | support_only | backend_agnostic,1,5649,0.0001770224818551956
bugfix | production_code+tests | attention+speculative_decoding | backend_agnostic,1,5649,0.0001770224818551956
performance | production_code+tests | model_loading_layers+moe | backend_agnostic,1,5649,0.0001770224818551956
bugfix | production_code+tests | device_platform+kv_cache_data_movement | amd_rocm,1,5649,0.0001770224818551956
performance | documentation_examples+production_code+tests | distributed_execution+kernels_operators+moe+quantization | amd_rocm+nvidia_cuda,1,5649,0.0001770224818551956
bugfix | build+production_code | serving_api | amd_rocm,1,5649,0.0001770224818551956
performance | production_code | kernels_operators+model_implementation | intel_xpu,1,5649,0.0001770224818551956
bugfix | documentation_examples+production_code | attention | amd_rocm+cpu+intel_xpu+nvidia_cuda,1,5649,0.0001770224818551956
refactor | production_code+tests | model_implementation+serving_api | backend_agnostic,1,5649,0.0001770224818551956
maintenance | production_code | distributed_execution | backend_agnostic,1,5649,0.0001770224818551956
bugfix | documentation_examples+production_code+tests | distributed_execution+engine+serving_api | backend_agnostic,1,5649,0.0001770224818551956
bugfix | production_code | attention+kernels_operators+kv_cache_data_movement+scheduler+worker_model_runner | backend_agnostic,1,5649,0.0001770224818551956
performance | production_code+tests | engine+serving_api+worker_model_runner | backend_agnostic,1,5649,0.0001770224818551956
feature | production_code | compilation+distributed_execution+kernels_operators+kv_cache_data_movement+speculative_decoding+worker_model_runner | nvidia_cuda,1,5649,0.0001770224818551956
refactor | production_code | speculative_decoding | backend_agnostic,1,5649,0.0001770224818551956
refactor | documentation_examples+production_code | compilation | backend_agnostic,1,5649,0.0001770224818551956
refactor | production_code+tests | compilation | backend_agnostic,1,5649,0.0001770224818551956
bugfix | documentation_examples+production_code+tests | attention | amd_rocm,1,5649,0.0001770224818551956
performance | benchmarks+ci+production_code+tests | attention+kernels_operators | amd_rocm+nvidia_cuda,1,5649,0.0001770224818551956
performance | benchmarks+production_code+tests | kernels_operators+kv_cache_data_movement | amd_rocm+nvidia_cuda,1,5649,0.0001770224818551956
refactor | production_code+tests | attention+configuration_shared_infrastructure+device_platform+engine+worker_model_runner | amd_rocm+cpu+intel_xpu+nvidia_cuda,1,5649,0.0001770224818551956
feature | production_code+tests | attention+model_implementation | ascend_npu+nvidia_cuda,1,5649,0.0001770224818551956
bugfix | production_code+tests | attention+device_platform | nvidia_cuda,1,5649,0.0001770224818551956
maintenance | documentation_examples+production_code | device_platform+engine+input_processing_multimodal | backend_agnostic,1,5649,0.0001770224818551956
performance | production_code+tests | attention+kernels_operators+model_implementation | backend_agnostic,1,5649,0.0001770224818551956
feature | documentation_examples+production_code+tests | input_processing_multimodal+sampling+serving_api | backend_agnostic,1,5649,0.0001770224818551956
refactor | production_code+tests | input_processing_multimodal+serving_api | amd_rocm+nvidia_cuda,1,5649,0.0001770224818551956
refactor | ci+documentation_examples+production_code+tests | configuration_shared_infrastructure | amd_rocm+cpu+intel_xpu+nvidia_cuda+other,1,5649,0.0001770224818551956
build | build+documentation_examples | support_only | amd_rocm+nvidia_cuda,1,5649,0.0001770224818551956
ci | ci+developer_tooling+documentation_examples | support_only | backend_agnostic,1,5649,0.0001770224818551956
feature | production_code | input_processing_multimodal+serving_api | cpu,1,5649,0.0001770224818551956
feature | developer_tooling+documentation_examples+production_code+tests | attention+model_implementation+quantization | nvidia_cuda,1,5649,0.0001770224818551956
feature | production_code+tests | compilation+speculative_decoding+worker_model_runner | backend_agnostic,1,5649,0.0001770224818551956
feature | documentation_examples+production_code+tests | attention+distributed_execution+model_implementation+model_loading_layers+moe | backend_agnostic,1,5649,0.0001770224818551956
maintenance | benchmarks+documentation_examples+production_code+tests | kv_cache_data_movement+serving_api | other,1,5649,0.0001770224818551956
feature | production_code | input_processing_multimodal+model_implementation+serving_api | backend_agnostic,1,5649,0.0001770224818551956
feature | benchmarks+developer_tooling+production_code | distributed_execution+kernels_operators+kv_cache_data_movement+model_implementation | intel_xpu+nvidia_cuda,1,5649,0.0001770224818551956
bugfix | production_code+tests | kernels_operators | backend_agnostic,1,5649,0.0001770224818551956
bugfix | production_code | engine+reliability_observability | backend_agnostic,1,5649,0.0001770224818551956
performance | production_code | distributed_execution+kernels_operators+worker_model_runner | backend_agnostic,1,5649,0.0001770224818551956
feature | benchmarks+build+documentation_examples | support_only | cpu,1,5649,0.0001770224818551956
performance | documentation_examples+production_code+tests | serving_api | backend_agnostic,1,5649,0.0001770224818551956
bugfix | ci+production_code | distributed_execution+worker_model_runner | nvidia_cuda,1,5649,0.0001770224818551956
refactor | production_code+tests | kernels_operators | nvidia_cuda,1,5649,0.0001770224818551956
performance | developer_tooling | support_only | backend_agnostic,1,5649,0.0001770224818551956
feature | ci+production_code | attention+compilation+model_implementation+worker_model_runner | nvidia_cuda,1,5649,0.0001770224818551956
refactor | production_code | engine+kv_cache_data_movement+scheduler | backend_agnostic,1,5649,0.0001770224818551956
bugfix | ci+production_code+tests | kernels_operators+quantization | nvidia_cuda,1,5649,0.0001770224818551956
feature | production_code+tests | attention+kernels_operators+kv_cache_data_movement | nvidia_cuda,1,5649,0.0001770224818551956
ci | developer_tooling+production_code+tests | distributed_execution+engine+input_processing_multimodal+kv_cache_data_movement+lora+model_implementation+sampling | backend_agnostic,1,5649,0.0001770224818551956
bugfix | documentation_examples+production_code+tests | moe+scheduler+worker_model_runner | backend_agnostic,1,5649,0.0001770224818551956
feature | production_code+tests | attention+input_processing_multimodal+model_implementation+model_loading_layers+speculative_decoding | backend_agnostic,1,5649,0.0001770224818551956
refactor | production_code | kernels_operators | backend_agnostic,1,5649,0.0001770224818551956
feature | documentation_examples+production_code+tests | attention+device_platform+kernels_operators+kv_cache_data_movement | intel_xpu,1,5649,0.0001770224818551956
bugfix | production_code | device_platform | backend_agnostic,1,5649,0.0001770224818551956
test | tests | support_only | cpu+nvidia_cuda,1,5649,0.0001770224818551956
refactor | production_code+tests | kv_cache_data_movement+worker_model_runner | amd_rocm+nvidia_cuda,1,5649,0.0001770224818551956
bugfix | production_code | kv_cache_data_movement | intel_xpu,1,5649,0.0001770224818551956
feature | production_code | kernels_operators+moe+quantization | intel_xpu,1,5649,0.0001770224818551956
performance | production_code | attention+speculative_decoding | nvidia_cuda,1,5649,0.0001770224818551956
maintenance | production_code | attention | nvidia_cuda,1,5649,0.0001770224818551956
refactor | production_code+tests | engine+kv_cache_data_movement+worker_model_runner | backend_agnostic,1,5649,0.0001770224818551956
bugfix | production_code | attention+compilation+worker_model_runner | nvidia_cuda,1,5649,0.0001770224818551956
ci | benchmarks+ci | support_only | backend_agnostic,1,5649,0.0001770224818551956
feature | documentation_examples+production_code+tests | attention+model_implementation+model_loading_layers | backend_agnostic,1,5649,0.0001770224818551956
performance | build | support_only | intel_xpu,1,5649,0.0001770224818551956
feature | build+production_code+tests | compilation+distributed_execution+engine+kernels_operators+kv_cache_data_movement+model_loading_layers+reliability_observability+serving_api+worker_model_runner | cpu+nvidia_cuda,1,5649,0.0001770224818551956
bugfix | ci+production_code+tests | input_processing_multimodal+model_implementation | amd_rocm+nvidia_cuda,1,5649,0.0001770224818551956
refactor | production_code+tests | moe+quantization | amd_rocm+intel_xpu+nvidia_cuda,1,5649,0.0001770224818551956
feature | documentation_examples+production_code+tests | attention+compilation+kernels_operators+model_implementation+speculative_decoding+worker_model_runner | nvidia_cuda,1,5649,0.0001770224818551956
feature | ci+documentation_examples+production_code+tests | distributed_execution+model_loading_layers+quantization+serving_api+worker_model_runner | amd_rocm+nvidia_cuda,1,5649,0.0001770224818551956
feature | documentation_examples+production_code+tests | kv_cache_data_movement | nvidia_cuda,1,5649,0.0001770224818551956
refactor | ci+production_code+tests | engine+input_processing_multimodal+serving_api | amd_rocm,1,5649,0.0001770224818551956
performance | production_code | configuration_shared_infrastructure+engine+serving_api | backend_agnostic,1,5649,0.0001770224818551956
ci | ci+production_code+tests | worker_model_runner | cpu,1,5649,0.0001770224818551956
feature | production_code+tests | input_processing_multimodal | nvidia_cuda,1,5649,0.0001770224818551956
bugfix | build+production_code | attention+kernels_operators | nvidia_cuda,1,5649,0.0001770224818551956
performance | benchmarks+production_code+tests | compilation+distributed_execution+kernels_operators | nvidia_cuda,1,5649,0.0001770224818551956
test | ci+production_code+tests | compilation+distributed_execution | amd_rocm+nvidia_cuda,1,5649,0.0001770224818551956
bugfix | production_code+tests | scheduler+speculative_decoding+worker_model_runner | backend_agnostic,1,5649,0.0001770224818551956
refactor | production_code | distributed_execution+moe | backend_agnostic,1,5649,0.0001770224818551956
feature | documentation_examples+production_code | input_processing_multimodal+model_implementation | backend_agnostic,1,5649,0.0001770224818551956
bugfix | production_code+tests | attention+compilation | amd_rocm+nvidia_cuda,1,5649,0.0001770224818551956
performance | production_code | attention+model_implementation | cpu,1,5649,0.0001770224818551956
bugfix | build+production_code+tests | device_platform+distributed_execution+worker_model_runner | amd_rocm+nvidia_cuda,1,5649,0.0001770224818551956
bugfix | production_code+tests | distributed_execution+model_implementation+model_loading_layers | backend_agnostic,1,5649,0.0001770224818551956
performance | production_code | scheduler+speculative_decoding | backend_agnostic,1,5649,0.0001770224818551956
refactor | build+ci+production_code | kernels_operators+moe | intel_xpu,1,5649,0.0001770224818551956
maintenance | documentation_examples+production_code | configuration_shared_infrastructure | backend_agnostic,1,5649,0.0001770224818551956
maintenance | production_code | input_processing_multimodal | backend_agnostic,1,5649,0.0001770224818551956
feature | documentation_examples+production_code+tests | attention+configuration_shared_infrastructure+kernels_operators | nvidia_cuda,1,5649,0.0001770224818551956
bugfix | production_code+tests | serving_api | amd_rocm+nvidia_cuda,1,5649,0.0001770224818551956
bugfix | benchmarks+production_code+tests | serving_api | backend_agnostic,1,5649,0.0001770224818551956
feature | production_code | kv_cache_data_movement | nvidia_cuda,1,5649,0.0001770224818551956
documentation | developer_tooling+documentation_examples | support_only | amd_rocm+cpu+nvidia_cuda,1,5649,0.0001770224818551956
bugfix | production_code | attention+compilation+speculative_decoding+worker_model_runner | backend_agnostic,1,5649,0.0001770224818551956
feature | build | support_only | amd_rocm,1,5649,0.0001770224818551956
refactor | benchmarks+production_code+tests | compilation+distributed_execution+kernels_operators | nvidia_cuda,1,5649,0.0001770224818551956
performance | production_code | device_platform+kv_cache_data_movement | cpu,1,5649,0.0001770224818551956
maintenance | benchmarks+ci | support_only | nvidia_cuda,1,5649,0.0001770224818551956
feature | documentation_examples+production_code+tests | attention+input_processing_multimodal+kv_cache_data_movement+model_implementation+model_loading_layers+moe+speculative_decoding | backend_agnostic,1,5649,0.0001770224818551956
feature | benchmarks+production_code+tests | attention+model_implementation+speculative_decoding | nvidia_cuda,1,5649,0.0001770224818551956
bugfix | ci+documentation_examples+production_code+tests | input_processing_multimodal+kv_cache_data_movement+serving_api | amd_rocm+nvidia_cuda,1,5649,0.0001770224818551956
build | build+ci+production_code+tests | compilation+kernels_operators+model_loading_layers+moe | amd_rocm+nvidia_cuda,1,5649,0.0001770224818551956
feature | documentation_examples+production_code | quantization | nvidia_cuda,1,5649,0.0001770224818551956
feature | production_code+tests | device_platform+model_loading_layers+worker_model_runner | intel_xpu,1,5649,0.0001770224818551956
documentation | production_code | serving_api | backend_agnostic,1,5649,0.0001770224818551956
feature | production_code | attention+worker_model_runner | nvidia_cuda,1,5649,0.0001770224818551956
maintenance | production_code+tests | attention | backend_agnostic,1,5649,0.0001770224818551956
bugfix | production_code | compilation+kernels_operators+lora | backend_agnostic,1,5649,0.0001770224818551956
feature | documentation_examples+production_code+tests | engine+scheduler+serving_api | backend_agnostic,1,5649,0.0001770224818551956
bugfix | ci+production_code+tests | device_platform | amd_rocm+nvidia_cuda,1,5649,0.0001770224818551956
refactor | benchmarks+production_code+tests | kernels_operators+moe | nvidia_cuda,1,5649,0.0001770224818551956
feature | production_code | kernels_operators+sampling+speculative_decoding | backend_agnostic,1,5649,0.0001770224818551956
bugfix | production_code | compilation+kernels_operators+reliability_observability+worker_model_runner | nvidia_cuda,1,5649,0.0001770224818551956
bugfix | production_code+tests | attention+kernels_operators+speculative_decoding | amd_rocm,1,5649,0.0001770224818551956
bugfix | documentation_examples+production_code+tests | input_processing_multimodal+model_implementation | nvidia_cuda,1,5649,0.0001770224818551956
refactor | ci+production_code+tests | compilation | amd_rocm+nvidia_cuda,1,5649,0.0001770224818551956
ci | developer_tooling+tests | support_only | backend_agnostic,1,5649,0.0001770224818551956
performance | production_code+tests | input_processing_multimodal+sampling | backend_agnostic,1,5649,0.0001770224818551956
build | build+ci+documentation_examples+production_code | kernels_operators+moe | intel_xpu,1,5649,0.0001770224818551956
feature | production_code+tests | model_implementation | backend_agnostic,1,5649,0.0001770224818551956
performance | ci+documentation_examples+production_code+tests | input_processing_multimodal | amd_rocm+nvidia_cuda,1,5649,0.0001770224818551956
bugfix | production_code+tests | attention+kernels_operators | cpu,1,5649,0.0001770224818551956
feature | benchmarks+build+ci+developer_tooling+production_code+tests | attention+compilation+device_platform+distributed_execution+input_processing_multimodal+kernels_operators+kv_cache_data_movement+model_implementation+moe+quantization+speculative_decoding | amd_rocm+nvidia_cuda,1,5649,0.0001770224818551956
ci | ci+documentation_examples+tests | support_only | backend_agnostic,1,5649,0.0001770224818551956
performance | developer_tooling+production_code+tests | distributed_execution | cpu,1,5649,0.0001770224818551956
performance | production_code+tests | moe | backend_agnostic,1,5649,0.0001770224818551956
feature | build+developer_tooling+production_code+tests | input_processing_multimodal+model_implementation+serving_api | backend_agnostic,1,5649,0.0001770224818551956
refactor | build+production_code | reliability_observability | backend_agnostic,1,5649,0.0001770224818551956
bugfix | production_code | kernels_operators | amd_rocm+cpu,1,5649,0.0001770224818551956
bugfix | production_code+tests | attention+kernels_operators | amd_rocm+nvidia_cuda,1,5649,0.0001770224818551956
bugfix | ci+production_code+tests | kernels_operators+model_loading_layers+quantization | amd_rocm+nvidia_cuda,1,5649,0.0001770224818551956
refactor | production_code | compilation+configuration_shared_infrastructure | backend_agnostic,1,5649,0.0001770224818551956
performance | ci+production_code+tests | compilation+distributed_execution+engine+kv_cache_data_movement+moe+serving_api+worker_model_runner | cpu+intel_xpu+nvidia_cuda,1,5649,0.0001770224818551956
test | tests | support_only | amd_rocm+cpu+google_tpu+intel_xpu,1,5649,0.0001770224818551956
feature | build+ci+production_code+tests | kernels_operators+model_implementation | amd_rocm+nvidia_cuda,1,5649,0.0001770224818551956
bugfix | production_code | input_processing_multimodal+worker_model_runner | cpu,1,5649,0.0001770224818551956
bugfix | production_code+tests | moe | amd_rocm,1,5649,0.0001770224818551956
performance | production_code+tests | kernels_operators+kv_cache_data_movement | backend_agnostic,1,5649,0.0001770224818551956
refactor | benchmarks+production_code+tests | kernels_operators+quantization | amd_rocm,1,5649,0.0001770224818551956
feature | ci+production_code+tests | device_platform+quantization | intel_xpu,1,5649,0.0001770224818551956
bugfix | ci+production_code+tests | kernels_operators+model_implementation+speculative_decoding+worker_model_runner | nvidia_cuda,1,5649,0.0001770224818551956
bugfix | production_code+tests | attention+model_implementation+quantization | amd_rocm,1,5649,0.0001770224818551956
refactor | production_code | attention+input_processing_multimodal+kernels_operators+model_implementation+moe+other+quantization+reliability_observability+worker_model_runner | amd_rocm+google_tpu+nvidia_cuda,1,5649,0.0001770224818551956
bugfix | production_code+tests | attention+model_implementation+moe | amd_rocm+nvidia_cuda,1,5649,0.0001770224818551956
performance | production_code | kernels_operators+moe+worker_model_runner | nvidia_cuda,1,5649,0.0001770224818551956
ci | ci+tests | support_only | amd_rocm+cpu+nvidia_cuda,1,5649,0.0001770224818551956
bugfix | build+production_code+tests | attention+kernels_operators | cpu,1,5649,0.0001770224818551956
bugfix | production_code+tests | scheduler+speculative_decoding | backend_agnostic,1,5649,0.0001770224818551956
documentation | build | support_only | amd_rocm+nvidia_cuda,1,5649,0.0001770224818551956
bugfix | production_code | kernels_operators+model_implementation+moe+quantization | nvidia_cuda,1,5649,0.0001770224818551956
feature | developer_tooling+production_code+tests | configuration_shared_infrastructure+speculative_decoding | backend_agnostic,1,5649,0.0001770224818551956
performance | build+production_code | attention+kernels_operators | nvidia_cuda,1,5649,0.0001770224818551956
performance | benchmarks+documentation_examples+production_code | kv_cache_data_movement | nvidia_cuda,1,5649,0.0001770224818551956
bugfix | production_code | model_implementation+serving_api | backend_agnostic,1,5649,0.0001770224818551956
feature | production_code | attention+model_implementation | ascend_npu,1,5649,0.0001770224818551956
feature | documentation_examples+production_code+tests | attention+input_processing_multimodal+model_implementation+model_loading_layers+moe | backend_agnostic,1,5649,0.0001770224818551956
other | production_code | input_processing_multimodal | backend_agnostic,1,5649,0.0001770224818551956
bugfix | documentation_examples+production_code | compilation | backend_agnostic,1,5649,0.0001770224818551956
maintenance | ci+production_code+tests | distributed_execution+moe | amd_rocm+nvidia_cuda,1,5649,0.0001770224818551956
feature | production_code+tests | kernels_operators+kv_cache_data_movement+speculative_decoding+worker_model_runner | nvidia_cuda,1,5649,0.0001770224818551956
refactor | build+ci+production_code | attention+device_platform+kernels_operators+model_loading_layers+quantization+worker_model_runner | intel_xpu,1,5649,0.0001770224818551956
bugfix | production_code | compilation+moe+speculative_decoding | backend_agnostic,1,5649,0.0001770224818551956
maintenance | production_code | quantization | nvidia_cuda,1,5649,0.0001770224818551956
bugfix | production_code+tests | model_loading_layers+quantization+reliability_observability | nvidia_cuda,1,5649,0.0001770224818551956
maintenance | production_code | device_platform | nvidia_cuda,1,5649,0.0001770224818551956
performance | production_code+tests | compilation+kernels_operators+lora+moe+serving_api+worker_model_runner | backend_agnostic,1,5649,0.0001770224818551956
bugfix | documentation_examples+production_code | model_implementation | backend_agnostic,1,5649,0.0001770224818551956
refactor | production_code | input_processing_multimodal+scheduler | backend_agnostic,1,5649,0.0001770224818551956
feature | production_code | kernels_operators+kv_cache_data_movement | nvidia_cuda,1,5649,0.0001770224818551956
feature | production_code+tests | distributed_execution+engine+serving_api | backend_agnostic,1,5649,0.0001770224818551956
performance | production_code+tests | kernels_operators+model_implementation | amd_rocm+nvidia_cuda,1,5649,0.0001770224818551956
performance | production_code | compilation+model_loading_layers | backend_agnostic,1,5649,0.0001770224818551956
performance | production_code+tests | distributed_execution+model_implementation+model_loading_layers+speculative_decoding | backend_agnostic,1,5649,0.0001770224818551956
refactor | production_code | scheduler | backend_agnostic,1,5649,0.0001770224818551956
refactor | production_code | speculative_decoding+worker_model_runner | backend_agnostic,1,5649,0.0001770224818551956
feature | production_code+tests | kernels_operators+model_implementation+moe+quantization | nvidia_cuda,1,5649,0.0001770224818551956
bugfix | production_code | compilation+scheduler+speculative_decoding | backend_agnostic,1,5649,0.0001770224818551956
bugfix | production_code | kv_cache_data_movement+speculative_decoding+worker_model_runner | backend_agnostic,1,5649,0.0001770224818551956
feature | production_code | compilation+speculative_decoding+worker_model_runner | backend_agnostic,1,5649,0.0001770224818551956
feature | production_code | attention+compilation+speculative_decoding+worker_model_runner | backend_agnostic,1,5649,0.0001770224818551956
feature | build+documentation_examples+production_code+tests | device_platform+quantization | amd_rocm,1,5649,0.0001770224818551956
test | tests | support_only | amd_rocm+cpu,1,5649,0.0001770224818551956
bugfix | production_code+tests | input_processing_multimodal+serving_api | nvidia_cuda,1,5649,0.0001770224818551956
feature | production_code+tests | input_processing_multimodal+model_implementation+serving_api | backend_agnostic,1,5649,0.0001770224818551956
ci | developer_tooling+production_code | reliability_observability | backend_agnostic,1,5649,0.0001770224818551956
feature | production_code+tests | kernels_operators | amd_rocm+nvidia_cuda,1,5649,0.0001770224818551956
feature | production_code | kernels_operators+lora+quantization | nvidia_cuda,1,5649,0.0001770224818551956
bugfix | ci+production_code+tests | serving_api | amd_rocm,1,5649,0.0001770224818551956
bugfix | production_code | attention+speculative_decoding | amd_rocm,1,5649,0.0001770224818551956
bugfix | production_code | quantization+reliability_observability | nvidia_cuda,1,5649,0.0001770224818551956
feature | production_code | lora+model_implementation+model_loading_layers | backend_agnostic,1,5649,0.0001770224818551956
performance | production_code | distributed_execution+worker_model_runner | backend_agnostic,1,5649,0.0001770224818551956
refactor | production_code | attention+kernels_operators+model_implementation | backend_agnostic,1,5649,0.0001770224818551956
feature | production_code | compilation+distributed_execution+speculative_decoding+worker_model_runner | backend_agnostic,1,5649,0.0001770224818551956
bugfix | build+documentation_examples+production_code+tests | speculative_decoding | backend_agnostic,1,5649,0.0001770224818551956
refactor | production_code | compilation+distributed_execution+kernels_operators+kv_cache_data_movement+worker_model_runner | nvidia_cuda,1,5649,0.0001770224818551956
performance | build+production_code | attention+kernels_operators+model_implementation | nvidia_cuda,1,5649,0.0001770224818551956
refactor | documentation_examples+production_code | device_platform+engine+input_processing_multimodal | backend_agnostic,1,5649,0.0001770224818551956
bugfix | production_code+tests | compilation+kernels_operators+quantization | nvidia_cuda,1,5649,0.0001770224818551956
bugfix | production_code | kernels_operators+kv_cache_data_movement+quantization | amd_rocm,1,5649,0.0001770224818551956
bugfix | production_code | attention+device_platform | nvidia_cuda,1,5649,0.0001770224818551956
bugfix | build+production_code | compilation+model_implementation | nvidia_cuda,1,5649,0.0001770224818551956
feature | production_code | input_processing_multimodal | backend_agnostic,1,5649,0.0001770224818551956
bugfix | build+documentation_examples+production_code+tests | device_platform | nvidia_cuda,1,5649,0.0001770224818551956
feature | production_code+tests | kernels_operators+moe+serving_api | amd_rocm+nvidia_cuda,1,5649,0.0001770224818551956
refactor | ci+documentation_examples+production_code+tests | kernels_operators+moe+quantization | nvidia_cuda,1,5649,0.0001770224818551956
feature | production_code | compilation+scheduler+serving_api | backend_agnostic,1,5649,0.0001770224818551956
feature | ci+production_code+tests | compilation+model_loading_layers+serving_api+worker_model_runner | nvidia_cuda,1,5649,0.0001770224818551956
bugfix | production_code+tests | kernels_operators+moe+quantization | amd_rocm+nvidia_cuda,1,5649,0.0001770224818551956
performance | production_code+tests | kernels_operators+model_loading_layers | nvidia_cuda,1,5649,0.0001770224818551956
feature | production_code | compilation+device_platform+worker_model_runner | intel_xpu,1,5649,0.0001770224818551956
feature | production_code+tests | attention+device_platform+kernels_operators+model_loading_layers+quantization+sampling+worker_model_runner | amd_rocm+intel_xpu+nvidia_cuda,1,5649,0.0001770224818551956
bugfix | production_code | kernels_operators+sampling | ascend_npu+intel_xpu,1,5649,0.0001770224818551956
feature | production_code | model_loading_layers+quantization | backend_agnostic,1,5649,0.0001770224818551956
performance | production_code | lora+moe | backend_agnostic,1,5649,0.0001770224818551956
bugfix | production_code | kv_cache_data_movement+serving_api | cpu,1,5649,0.0001770224818551956
bugfix | production_code+tests | distributed_execution+engine+serving_api | amd_rocm,1,5649,0.0001770224818551956
feature | production_code+tests | attention+compilation+kernels_operators+kv_cache_data_movement+model_implementation+speculative_decoding+worker_model_runner | backend_agnostic,1,5649,0.0001770224818551956
performance | production_code | attention+kernels_operators+kv_cache_data_movement | cpu,1,5649,0.0001770224818551956
refactor | production_code | kernels_operators+lora | backend_agnostic,1,5649,0.0001770224818551956
refactor | production_code+tests | kernels_operators+quantization | amd_rocm+cpu+intel_xpu+nvidia_cuda,1,5649,0.0001770224818551956
performance | production_code+tests | quantization | nvidia_cuda,1,5649,0.0001770224818551956
performance | benchmarks+production_code | kernels_operators+moe | amd_rocm+nvidia_cuda,1,5649,0.0001770224818551956
refactor | benchmarks+production_code+tests | input_processing_multimodal+reliability_observability | backend_agnostic,1,5649,0.0001770224818551956
bugfix | production_code+tests | model_implementation+model_loading_layers+quantization | nvidia_cuda,1,5649,0.0001770224818551956
feature | production_code | attention+device_platform | intel_xpu,1,5649,0.0001770224818551956
maintenance | production_code | speculative_decoding | backend_agnostic,1,5649,0.0001770224818551956
refactor | production_code | model_implementation+moe | backend_agnostic,1,5649,0.0001770224818551956
feature | production_code+tests | configuration_shared_infrastructure+input_processing_multimodal+sampling+serving_api | backend_agnostic,1,5649,0.0001770224818551956
performance | production_code+tests | attention+compilation+device_platform+kernels_operators+kv_cache_data_movement | amd_rocm,1,5649,0.0001770224818551956
bugfix | production_code+tests | input_processing_multimodal | amd_rocm+nvidia_cuda,1,5649,0.0001770224818551956
feature | developer_tooling+production_code | kernels_operators | backend_agnostic,1,5649,0.0001770224818551956
refactor | production_code+tests | engine+input_processing_multimodal+sampling | backend_agnostic,1,5649,0.0001770224818551956
feature | production_code | engine+reliability_observability+worker_model_runner | backend_agnostic,1,5649,0.0001770224818551956
refactor | production_code | attention | amd_rocm,1,5649,0.0001770224818551956
performance | build+production_code+tests | input_processing_multimodal+model_implementation | backend_agnostic,1,5649,0.0001770224818551956
test | production_code+tests | input_processing_multimodal | amd_rocm,1,5649,0.0001770224818551956
feature | benchmarks+developer_tooling+documentation_examples+production_code+tests | attention+device_platform+kernels_operators | nvidia_cuda,1,5649,0.0001770224818551956
performance | build+production_code | moe+quantization | amd_rocm,1,5649,0.0001770224818551956
other | production_code+tests | configuration_shared_infrastructure+sampling+serving_api | backend_agnostic,1,5649,0.0001770224818551956
feature | benchmarks+documentation_examples | support_only | cpu,1,5649,0.0001770224818551956
bugfix | production_code | kernels_operators+model_loading_layers+quantization | nvidia_cuda,1,5649,0.0001770224818551956
refactor | benchmarks+production_code+tests | kernels_operators+moe+quantization | amd_rocm+cpu+intel_xpu+nvidia_cuda,1,5649,0.0001770224818551956
feature | production_code | attention+compilation+distributed_execution+kernels_operators+kv_cache_data_movement+worker_model_runner | nvidia_cuda,1,5649,0.0001770224818551956
performance | build+production_code+tests | attention+compilation+kernels_operators | nvidia_cuda,1,5649,0.0001770224818551956
test | production_code+tests | moe | nvidia_cuda,1,5649,0.0001770224818551956
bugfix | developer_tooling+production_code | kernels_operators+moe+worker_model_runner | cpu,1,5649,0.0001770224818551956
performance | build+documentation_examples | support_only | amd_rocm+cpu+nvidia_cuda,1,5649,0.0001770224818551956
refactor | documentation_examples+production_code+tests | attention+kernels_operators | cpu+intel_xpu,1,5649,0.0001770224818551956
refactor | documentation_examples+production_code+tests | input_processing_multimodal+serving_api | backend_agnostic,1,5649,0.0001770224818551956
refactor | documentation_examples+production_code+tests | distributed_execution+moe+quantization | amd_rocm+nvidia_cuda,1,5649,0.0001770224818551956
feature | production_code | model_loading_layers+speculative_decoding | backend_agnostic,1,5649,0.0001770224818551956
performance | production_code+tests | distributed_execution+moe | backend_agnostic,1,5649,0.0001770224818551956
feature | production_code+tests | engine | backend_agnostic,1,5649,0.0001770224818551956
bugfix | production_code | attention+compilation+speculative_decoding | nvidia_cuda,1,5649,0.0001770224818551956
performance | build+production_code+tests | attention+kernels_operators | amd_rocm+nvidia_cuda,1,5649,0.0001770224818551956
feature | production_code+tests | model_implementation+model_loading_layers+moe+quantization | amd_rocm,1,5649,0.0001770224818551956
bugfix | production_code | compilation+moe+quantization | backend_agnostic,1,5649,0.0001770224818551956
performance | benchmarks+production_code+tests | kernels_operators+sampling | nvidia_cuda,1,5649,0.0001770224818551956
bugfix | documentation_examples+production_code | attention+compilation+speculative_decoding | nvidia_cuda,1,5649,0.0001770224818551956
refactor | production_code+tests | engine+input_processing_multimodal+model_implementation+sampling+serving_api | backend_agnostic,1,5649,0.0001770224818551956
ci | benchmarks+build+ci+developer_tooling+documentation_examples+tests | support_only | amd_rocm+ascend_npu+cpu+google_tpu+intel_xpu+nvidia_cuda+other,1,5649,0.0001770224818551956
bugfix | ci+production_code+tests | distributed_execution | nvidia_cuda,1,5649,0.0001770224818551956
performance | production_code | kernels_operators+sampling+worker_model_runner | backend_agnostic,1,5649,0.0001770224818551956
feature | production_code | kernels_operators+sampling+worker_model_runner | backend_agnostic,1,5649,0.0001770224818551956
performance | production_code | kernels_operators+model_implementation+moe | nvidia_cuda,1,5649,0.0001770224818551956
ci | ci+developer_tooling+production_code | compilation+configuration_shared_infrastructure+engine | backend_agnostic,1,5649,0.0001770224818551956
build | build+production_code | input_processing_multimodal | amd_rocm,1,5649,0.0001770224818551956
bugfix | production_code | lora+moe+quantization | nvidia_cuda,1,5649,0.0001770224818551956
performance | production_code | model_implementation+model_loading_layers | backend_agnostic,1,5649,0.0001770224818551956
build | benchmarks+build+ci+documentation_examples | support_only | amd_rocm+google_tpu,1,5649,0.0001770224818551956
bugfix | production_code | kv_cache_data_movement+model_implementation+model_loading_layers | backend_agnostic,1,5649,0.0001770224818551956
test | production_code+tests | input_processing_multimodal+model_implementation | backend_agnostic,1,5649,0.0001770224818551956
bugfix | production_code | compilation+model_implementation+quantization | nvidia_cuda,1,5649,0.0001770224818551956
performance | production_code+tests | attention+device_platform+kernels_operators+model_implementation | amd_rocm+nvidia_cuda,1,5649,0.0001770224818551956
bugfix | production_code | kernels_operators | amd_rocm+cpu+nvidia_cuda,1,5649,0.0001770224818551956
refactor | benchmarks+production_code+tests | engine+input_processing_multimodal+model_implementation | backend_agnostic,1,5649,0.0001770224818551956
test | build+documentation_examples+tests | support_only | backend_agnostic,1,5649,0.0001770224818551956
bugfix | build+production_code+tests | attention+input_processing_multimodal+kernels_operators+model_implementation+other | amd_rocm,1,5649,0.0001770224818551956
bugfix | production_code | input_processing_multimodal+reliability_observability | backend_agnostic,1,5649,0.0001770224818551956
feature | production_code | model_loading_layers+worker_model_runner | backend_agnostic,1,5649,0.0001770224818551956
feature | production_code+tests | kv_cache_data_movement+model_implementation+speculative_decoding | backend_agnostic,1,5649,0.0001770224818551956
feature | production_code+tests | kernels_operators+model_loading_layers | nvidia_cuda,1,5649,0.0001770224818551956
performance | production_code+tests | distributed_execution+worker_model_runner | backend_agnostic,1,5649,0.0001770224818551956
feature | documentation_examples+production_code+tests | distributed_execution+engine+scheduler | amd_rocm+nvidia_cuda,1,5649,0.0001770224818551956
performance | benchmarks+production_code | kernels_operators+moe | amd_rocm,1,5649,0.0001770224818551956
bugfix | production_code | compilation+quantization | amd_rocm,1,5649,0.0001770224818551956
feature | documentation_examples+production_code+tests | attention+kernels_operators+model_implementation | backend_agnostic,1,5649,0.0001770224818551956
refactor | documentation_examples+production_code | configuration_shared_infrastructure+input_processing_multimodal+model_implementation+serving_api | backend_agnostic,1,5649,0.0001770224818551956
feature | documentation_examples+production_code+tests | attention+compilation+quantization | amd_rocm+nvidia_cuda,1,5649,0.0001770224818551956
maintenance | developer_tooling+production_code | attention+distributed_execution+model_implementation+model_loading_layers+moe+quantization+speculative_decoding | amd_rocm+intel_xpu+nvidia_cuda,1,5649,0.0001770224818551956
bugfix | production_code | device_platform+kv_cache_data_movement | intel_xpu,1,5649,0.0001770224818551956
feature | production_code+tests | compilation+kv_cache_data_movement+worker_model_runner | nvidia_cuda,1,5649,0.0001770224818551956
test | production_code+tests | moe | backend_agnostic,1,5649,0.0001770224818551956
refactor | production_code+tests | distributed_execution+model_implementation+moe | backend_agnostic,1,5649,0.0001770224818551956
refactor | production_code | engine+model_implementation | backend_agnostic,1,5649,0.0001770224818551956
performance | production_code+tests | model_loading_layers | nvidia_cuda,1,5649,0.0001770224818551956
bugfix | ci+production_code | attention+speculative_decoding | nvidia_cuda,1,5649,0.0001770224818551956
bugfix | production_code | distributed_execution+model_loading_layers | backend_agnostic,1,5649,0.0001770224818551956
bugfix | developer_tooling+production_code+tests | attention | nvidia_cuda,1,5649,0.0001770224818551956
performance | production_code | distributed_execution+model_loading_layers+moe+serving_api | backend_agnostic,1,5649,0.0001770224818551956
bugfix | documentation_examples+production_code | compilation+model_implementation+worker_model_runner | nvidia_cuda,1,5649,0.0001770224818551956
bugfix | production_code | lora+model_loading_layers | backend_agnostic,1,5649,0.0001770224818551956
other | documentation_examples+production_code+tests | serving_api | backend_agnostic,1,5649,0.0001770224818551956
bugfix | production_code | engine+serving_api | backend_agnostic,1,5649,0.0001770224818551956
feature | documentation_examples | support_only | backend_agnostic,1,5649,0.0001770224818551956
maintenance | documentation_examples+production_code | reliability_observability | backend_agnostic,1,5649,0.0001770224818551956
performance | production_code | engine+model_loading_layers+serving_api | backend_agnostic,1,5649,0.0001770224818551956
test | benchmarks+production_code+tests | kernels_operators | amd_rocm+intel_xpu+nvidia_cuda,1,5649,0.0001770224818551956
refactor | production_code | distributed_execution+moe | amd_rocm+cpu+intel_xpu+nvidia_cuda,1,5649,0.0001770224818551956
bugfix | build+documentation_examples+production_code+tests | attention+kernels_operators+moe | nvidia_cuda,1,5649,0.0001770224818551956
feature | production_code | compilation+reliability_observability | backend_agnostic,1,5649,0.0001770224818551956
refactor | production_code+tests | distributed_execution+model_implementation+moe | amd_rocm,1,5649,0.0001770224818551956
performance | documentation_examples+production_code+tests | compilation+kernels_operators | amd_rocm,1,5649,0.0001770224818551956
bugfix | production_code | kv_cache_data_movement+model_implementation+speculative_decoding | backend_agnostic,1,5649,0.0001770224818551956
bugfix | build+production_code+tests | configuration_shared_infrastructure+engine+worker_model_runner | amd_rocm,1,5649,0.0001770224818551956
refactor | production_code | distributed_execution+kernels_operators+kv_cache_data_movement+worker_model_runner | backend_agnostic,1,5649,0.0001770224818551956
refactor | production_code | attention+kernels_operators | backend_agnostic,1,5649,0.0001770224818551956
performance | developer_tooling+documentation_examples+production_code | attention+kernels_operators+kv_cache_data_movement+model_implementation | nvidia_cuda,1,5649,0.0001770224818551956
bugfix | production_code | attention+kernels_operators+kv_cache_data_movement+speculative_decoding | amd_rocm+nvidia_cuda,1,5649,0.0001770224818551956
feature | production_code | attention+model_implementation+worker_model_runner | backend_agnostic,1,5649,0.0001770224818551956
bugfix | production_code | attention+compilation+kernels_operators | intel_xpu,1,5649,0.0001770224818551956
refactor | benchmarks+documentation_examples+production_code+tests | kernels_operators+moe+quantization | nvidia_cuda,1,5649,0.0001770224818551956
maintenance | documentation_examples+production_code+tests | serving_api | backend_agnostic,1,5649,0.0001770224818551956
performance | production_code+tests | attention+speculative_decoding+worker_model_runner | nvidia_cuda,1,5649,0.0001770224818551956
refactor | production_code+tests | distributed_execution+moe | amd_rocm+nvidia_cuda,1,5649,0.0001770224818551956
documentation | benchmarks+developer_tooling+documentation_examples | support_only | backend_agnostic,1,5649,0.0001770224818551956
refactor | production_code+tests | speculative_decoding+worker_model_runner | cpu,1,5649,0.0001770224818551956
feature | documentation_examples+production_code | input_processing_multimodal+model_implementation+serving_api | backend_agnostic,1,5649,0.0001770224818551956
refactor | production_code | model_loading_layers+moe | backend_agnostic,1,5649,0.0001770224818551956
feature | documentation_examples+production_code | device_platform | amd_rocm,1,5649,0.0001770224818551956
feature | documentation_examples+production_code+tests | model_implementation+model_loading_layers+moe+serving_api+speculative_decoding | backend_agnostic,1,5649,0.0001770224818551956
refactor | production_code+tests | compilation | amd_rocm+nvidia_cuda,1,5649,0.0001770224818551956
bugfix | build+production_code | attention+kernels_operators | amd_rocm,1,5649,0.0001770224818551956
build | build+ci+production_code | configuration_shared_infrastructure | nvidia_cuda,1,5649,0.0001770224818551956
feature | production_code+tests | configuration_shared_infrastructure | backend_agnostic,1,5649,0.0001770224818551956
bugfix | production_code | compilation+reliability_observability | backend_agnostic,1,5649,0.0001770224818551956
feature | build+documentation_examples+production_code+tests | reliability_observability+serving_api | backend_agnostic,1,5649,0.0001770224818551956
feature | production_code+tests | attention | amd_rocm+nvidia_cuda,1,5649,0.0001770224818551956
refactor | production_code | moe | backend_agnostic,1,5649,0.0001770224818551956
refactor | production_code | device_platform+moe | amd_rocm+intel_xpu,1,5649,0.0001770224818551956
bugfix | production_code+tests | kernels_operators+lora+model_implementation+model_loading_layers+moe+worker_model_runner | amd_rocm+nvidia_cuda,1,5649,0.0001770224818551956
refactor | ci+production_code | moe | intel_xpu,1,5649,0.0001770224818551956
bugfix | production_code | attention | intel_xpu,1,5649,0.0001770224818551956
feature | production_code+tests | quantization | cpu,1,5649,0.0001770224818551956
test | tests | support_only | amd_rocm+intel_xpu+other,1,5649,0.0001770224818551956
feature | ci+developer_tooling+documentation_examples+production_code+tests | attention+device_platform+kernels_operators+kv_cache_data_movement | intel_xpu+nvidia_cuda,1,5649,0.0001770224818551956
ci | build+ci | support_only | amd_rocm+nvidia_cuda,1,5649,0.0001770224818551956
bugfix | ci+production_code | kernels_operators+quantization | nvidia_cuda,1,5649,0.0001770224818551956
refactor | production_code+tests | model_implementation+moe | backend_agnostic,1,5649,0.0001770224818551956
refactor | documentation_examples+production_code+tests | kernels_operators+moe | nvidia_cuda,1,5649,0.0001770224818551956
feature | production_code+tests | kernels_operators+model_implementation+serving_api+worker_model_runner | nvidia_cuda,1,5649,0.0001770224818551956
feature | production_code | attention | nvidia_cuda,1,5649,0.0001770224818551956
bugfix | production_code | device_platform+quantization | amd_rocm,1,5649,0.0001770224818551956
bugfix | build | support_only | amd_rocm+cpu+intel_xpu+nvidia_cuda,1,5649,0.0001770224818551956
feature | benchmarks+production_code | compilation+reliability_observability+worker_model_runner | cpu,1,5649,0.0001770224818551956
refactor | documentation_examples+production_code | moe+quantization | nvidia_cuda,1,5649,0.0001770224818551956
bugfix | production_code+tests | model_implementation+model_loading_layers+quantization | backend_agnostic,1,5649,0.0001770224818551956
feature | documentation_examples+production_code+tests | compilation+model_implementation+worker_model_runner | nvidia_cuda,1,5649,0.0001770224818551956
bugfix | production_code+tests | engine+reliability_observability+scheduler | backend_agnostic,1,5649,0.0001770224818551956
performance | production_code | compilation+kernels_operators+speculative_decoding+worker_model_runner | nvidia_cuda,1,5649,0.0001770224818551956
performance | production_code | input_processing_multimodal+model_implementation | backend_agnostic,1,5649,0.0001770224818551956
bugfix | ci+production_code+tests | model_loading_layers | amd_rocm+nvidia_cuda,1,5649,0.0001770224818551956
feature | production_code+tests | reliability_observability+scheduler | backend_agnostic,1,5649,0.0001770224818551956
bugfix | production_code+tests | configuration_shared_infrastructure+device_platform | nvidia_cuda,1,5649,0.0001770224818551956
refactor | documentation_examples+production_code | kernels_operators+model_implementation+moe+quantization | cpu+nvidia_cuda,1,5649,0.0001770224818551956
bugfix | production_code | attention+kernels_operators | intel_xpu+nvidia_cuda,1,5649,0.0001770224818551956
feature | production_code | reliability_observability | intel_xpu+nvidia_cuda,1,5649,0.0001770224818551956
feature | documentation_examples+production_code | model_implementation+model_loading_layers | backend_agnostic,1,5649,0.0001770224818551956
performance | production_code | attention+compilation+kernels_operators | amd_rocm+nvidia_cuda,1,5649,0.0001770224818551956
refactor | ci+production_code+tests | distributed_execution+moe+quantization | amd_rocm+nvidia_cuda,1,5649,0.0001770224818551956
feature | documentation_examples+production_code+tests | distributed_execution+moe+worker_model_runner | amd_rocm+nvidia_cuda,1,5649,0.0001770224818551956
bugfix | production_code | quantization | amd_rocm+cpu+nvidia_cuda,1,5649,0.0001770224818551956
bugfix | production_code | compilation+worker_model_runner | intel_xpu,1,5649,0.0001770224818551956
bugfix | production_code | attention+model_loading_layers | backend_agnostic,1,5649,0.0001770224818551956
bugfix | production_code+tests | moe | amd_rocm+nvidia_cuda,1,5649,0.0001770224818551956
performance | developer_tooling+production_code+tests | kernels_operators+model_implementation+moe | amd_rocm+intel_xpu+nvidia_cuda,1,5649,0.0001770224818551956
bugfix | production_code | kv_cache_data_movement+reliability_observability | backend_agnostic,1,5649,0.0001770224818551956
refactor | production_code+tests | attention+quantization | backend_agnostic,1,5649,0.0001770224818551956
bugfix | production_code+tests | kernels_operators+model_loading_layers | nvidia_cuda,1,5649,0.0001770224818551956
feature | documentation_examples+production_code+tests | input_processing_multimodal+serving_api | amd_rocm,1,5649,0.0001770224818551956
performance | production_code | compilation+kernels_operators | backend_agnostic,1,5649,0.0001770224818551956
bugfix | production_code | attention+device_platform+kernels_operators+kv_cache_data_movement+quantization | amd_rocm,1,5649,0.0001770224818551956
performance | production_code+tests | kernels_operators+model_implementation+moe | nvidia_cuda,1,5649,0.0001770224818551956
performance | production_code | model_implementation+quantization | backend_agnostic,1,5649,0.0001770224818551956
feature | build+production_code+tests | attention+kernels_operators+kv_cache_data_movement | nvidia_cuda,1,5649,0.0001770224818551956
bugfix | build+ci+production_code+tests | device_platform+distributed_execution+kernels_operators+kv_cache_data_movement+worker_model_runner | cpu,1,5649,0.0001770224818551956
performance | benchmarks+production_code | configuration_shared_infrastructure+other+serving_api | backend_agnostic,1,5649,0.0001770224818551956
refactor | production_code+tests | moe+quantization | backend_agnostic,1,5649,0.0001770224818551956
bugfix | production_code+tests | kernels_operators+worker_model_runner | backend_agnostic,1,5649,0.0001770224818551956
performance | build+production_code | input_processing_multimodal | amd_rocm+nvidia_cuda,1,5649,0.0001770224818551956
bugfix | ci+production_code+tests | compilation+device_platform | cpu,1,5649,0.0001770224818551956
bugfix | build+ci+production_code+tests | compilation+kernels_operators | amd_rocm+nvidia_cuda,1,5649,0.0001770224818551956
bugfix | build+documentation_examples+production_code | attention+kernels_operators | cpu,1,5649,0.0001770224818551956
performance | build+ci+production_code+tests | compilation+device_platform+kernels_operators+model_loading_layers | cpu,1,5649,0.0001770224818551956
performance | production_code+tests | kernels_operators+quantization | amd_rocm,1,5649,0.0001770224818551956
feature | production_code+tests | attention+model_loading_layers+quantization | backend_agnostic,1,5649,0.0001770224818551956
feature | build+ci+documentation_examples+production_code+tests | compilation+input_processing_multimodal+model_implementation+model_loading_layers | amd_rocm+cpu+intel_xpu+nvidia_cuda,1,5649,0.0001770224818551956
bugfix | documentation_examples+production_code | attention+device_platform | nvidia_cuda,1,5649,0.0001770224818551956
bugfix | build+documentation_examples | support_only | amd_rocm,1,5649,0.0001770224818551956
performance | production_code | attention+configuration_shared_infrastructure+sampling+worker_model_runner | nvidia_cuda,1,5649,0.0001770224818551956
documentation | build+ci+documentation_examples+tests | support_only | amd_rocm+google_tpu+intel_xpu,1,5649,0.0001770224818551956
performance | production_code | distributed_execution | backend_agnostic,1,5649,0.0001770224818551956
feature | production_code+tests | quantization | backend_agnostic,1,5649,0.0001770224818551956
bugfix | production_code | attention+model_implementation+moe | amd_rocm,1,5649,0.0001770224818551956
bugfix | documentation_examples+production_code+tests | compilation+distributed_execution+engine+moe+serving_api+worker_model_runner | nvidia_cuda,1,5649,0.0001770224818551956
feature | production_code | attention+compilation+input_processing_multimodal+kv_cache_data_movement+speculative_decoding+worker_model_runner | nvidia_cuda,1,5649,0.0001770224818551956
feature | production_code | distributed_execution | intel_xpu,1,5649,0.0001770224818551956
bugfix | ci+production_code+tests | lora+moe | intel_xpu,1,5649,0.0001770224818551956
feature | build+ci+developer_tooling+production_code+tests | attention+kernels_operators+moe+quantization | cpu,1,5649,0.0001770224818551956
refactor | production_code | model_implementation+model_loading_layers | amd_rocm,1,5649,0.0001770224818551956
feature | ci+production_code+tests | kernels_operators+moe | cpu,1,5649,0.0001770224818551956
bugfix | production_code+tests | compilation+distributed_execution+worker_model_runner | nvidia_cuda,1,5649,0.0001770224818551956
feature | production_code+tests | kernels_operators+kv_cache_data_movement | amd_rocm,1,5649,0.0001770224818551956
refactor | production_code | attention+quantization | amd_rocm,1,5649,0.0001770224818551956
feature | production_code+tests | attention+compilation+distributed_execution+kv_cache_data_movement+model_implementation+speculative_decoding+worker_model_runner | backend_agnostic,1,5649,0.0001770224818551956
documentation | ci+documentation_examples+tests | support_only | cpu+nvidia_cuda,1,5649,0.0001770224818551956
feature | ci+production_code+tests | kernels_operators+quantization | cpu,1,5649,0.0001770224818551956
feature | build+production_code+tests | input_processing_multimodal+serving_api | amd_rocm+intel_xpu+nvidia_cuda,1,5649,0.0001770224818551956
refactor | production_code+tests | attention | nvidia_cuda,1,5649,0.0001770224818551956
feature | build+production_code+tests | attention+device_platform+kernels_operators+model_implementation+model_loading_layers+moe+quantization+speculative_decoding | amd_rocm,1,5649,0.0001770224818551956
feature | documentation_examples+production_code+tests | input_processing_multimodal+model_implementation+quantization | backend_agnostic,1,5649,0.0001770224818551956
feature | ci+production_code+tests | reliability_observability+worker_model_runner | nvidia_cuda,1,5649,0.0001770224818551956
performance | production_code | kernels_operators+sampling | intel_xpu,1,5649,0.0001770224818551956
feature | production_code+tests | kernels_operators+moe+quantization | amd_rocm,1,5649,0.0001770224818551956
feature | production_code | moe | intel_xpu,1,5649,0.0001770224818551956
feature | ci+documentation_examples+production_code+tests | attention+device_platform+kernels_operators+kv_cache_data_movement+model_loading_layers | cpu,1,5649,0.0001770224818551956
performance | build+production_code | distributed_execution+kernels_operators | cpu,1,5649,0.0001770224818551956
bugfix | production_code+tests | kernels_operators+sampling+worker_model_runner | backend_agnostic,1,5649,0.0001770224818551956
performance | production_code | distributed_execution+model_implementation+sampling+speculative_decoding+worker_model_runner | backend_agnostic,1,5649,0.0001770224818551956
ci | ci+developer_tooling+tests | support_only | amd_rocm,1,5649,0.0001770224818551956
bugfix | production_code+tests | compilation | amd_rocm,1,5649,0.0001770224818551956
refactor | production_code | kernels_operators+model_loading_layers | nvidia_cuda,1,5649,0.0001770224818551956
performance | production_code+tests | attention+kernels_operators+kv_cache_data_movement | nvidia_cuda,1,5649,0.0001770224818551956
bugfix | production_code | distributed_execution+input_processing_multimodal+model_implementation+speculative_decoding | backend_agnostic,1,5649,0.0001770224818551956
bugfix | production_code+tests | distributed_execution+engine+kv_cache_data_movement | backend_agnostic,1,5649,0.0001770224818551956
refactor | documentation_examples+production_code+tests | attention+kernels_operators+kv_cache_data_movement+model_implementation | backend_agnostic,1,5649,0.0001770224818551956
refactor | documentation_examples+production_code+tests | moe | amd_rocm+nvidia_cuda,1,5649,0.0001770224818551956
feature | production_code | model_loading_layers+serving_api | backend_agnostic,1,5649,0.0001770224818551956
bugfix | production_code | kernels_operators+speculative_decoding | cpu,1,5649,0.0001770224818551956
build | build+ci+developer_tooling | support_only | cpu,1,5649,0.0001770224818551956
bugfix | ci+production_code | attention+kernels_operators | amd_rocm,1,5649,0.0001770224818551956
test | ci+production_code+tests | kv_cache_data_movement | amd_rocm,1,5649,0.0001770224818551956
bugfix | production_code+tests | engine+kv_cache_data_movement+serving_api | nvidia_cuda,1,5649,0.0001770224818551956
performance | production_code | kernels_operators+kv_cache_data_movement | nvidia_cuda,1,5649,0.0001770224818551956
bugfix | production_code+tests | compilation+distributed_execution+worker_model_runner | backend_agnostic,1,5649,0.0001770224818551956
maintenance | documentation_examples+production_code+tests | kv_cache_data_movement | cpu+nvidia_cuda,1,5649,0.0001770224818551956
refactor | production_code | distributed_execution+kv_cache_data_movement+moe | amd_rocm+nvidia_cuda,1,5649,0.0001770224818551956
bugfix | production_code+tests | model_implementation+moe+quantization | nvidia_cuda,1,5649,0.0001770224818551956
performance | production_code+tests | attention+kernels_operators+quantization | nvidia_cuda,1,5649,0.0001770224818551956
feature | production_code+tests | distributed_execution+kernels_operators+lora+moe+quantization | amd_rocm+intel_xpu+nvidia_cuda,1,5649,0.0001770224818551956
feature | documentation_examples+production_code+tests | attention+model_implementation+moe+sampling+speculative_decoding | backend_agnostic,1,5649,0.0001770224818551956
refactor | ci+documentation_examples+production_code+tests | attention+speculative_decoding | amd_rocm+intel_xpu+nvidia_cuda,1,5649,0.0001770224818551956
feature | documentation_examples+production_code+tests | distributed_execution+engine+model_loading_layers+serving_api+worker_model_runner | nvidia_cuda,1,5649,0.0001770224818551956
bugfix | production_code | attention+lora+model_implementation | amd_rocm+intel_xpu,1,5649,0.0001770224818551956
bugfix | production_code+tests | distributed_execution+engine | backend_agnostic,1,5649,0.0001770224818551956
feature | production_code+tests | compilation+model_implementation | backend_agnostic,1,5649,0.0001770224818551956
feature | production_code | input_processing_multimodal+reliability_observability | backend_agnostic,1,5649,0.0001770224818551956
feature | documentation_examples+production_code+tests | model_implementation+model_loading_layers+moe+quantization | backend_agnostic,1,5649,0.0001770224818551956
performance | ci+production_code+tests | sampling | nvidia_cuda,1,5649,0.0001770224818551956
feature | documentation_examples+production_code+tests | attention+device_platform+kernels_operators+kv_cache_data_movement | cpu,1,5649,0.0001770224818551956
build | build+ci+tests | support_only | cpu+nvidia_cuda,1,5649,0.0001770224818551956
feature | production_code+tests | other+serving_api | backend_agnostic,1,5649,0.0001770224818551956
feature | production_code+tests | sampling+speculative_decoding+worker_model_runner | nvidia_cuda,1,5649,0.0001770224818551956
feature | production_code | model_loading_layers+reliability_observability | backend_agnostic,1,5649,0.0001770224818551956
documentation | documentation_examples+production_code | model_loading_layers+reliability_observability | backend_agnostic,1,5649,0.0001770224818551956
feature | production_code+tests | attention+model_implementation+moe+serving_api | backend_agnostic,1,5649,0.0001770224818551956
performance | production_code | attention+model_implementation | nvidia_cuda,1,5649,0.0001770224818551956
bugfix | production_code | attention+compilation+kernels_operators+speculative_decoding+worker_model_runner | nvidia_cuda,1,5649,0.0001770224818551956
feature | documentation_examples+production_code+tests | model_implementation+speculative_decoding | backend_agnostic,1,5649,0.0001770224818551956
feature | production_code+tests | attention+speculative_decoding | nvidia_cuda,1,5649,0.0001770224818551956
feature | production_code | model_implementation+model_loading_layers+moe+quantization | backend_agnostic,1,5649,0.0001770224818551956
performance | production_code | attention+compilation+speculative_decoding+worker_model_runner | backend_agnostic,1,5649,0.0001770224818551956
bugfix | production_code+tests | device_platform+kernels_operators+model_loading_layers+moe+quantization | amd_rocm,1,5649,0.0001770224818551956
feature | documentation_examples+production_code+tests | compilation+input_processing_multimodal+kv_cache_data_movement+model_implementation+model_loading_layers+quantization+speculative_decoding | backend_agnostic,1,5649,0.0001770224818551956
documentation | ci+documentation_examples | support_only | amd_rocm,1,5649,0.0001770224818551956
bugfix | production_code+tests | kernels_operators+model_implementation+model_loading_layers+moe | amd_rocm+cpu+nvidia_cuda,1,5649,0.0001770224818551956
performance | production_code | attention+kernels_operators+quantization | nvidia_cuda,1,5649,0.0001770224818551956
performance | benchmarks+documentation_examples+production_code+tests | attention+kernels_operators+model_implementation+model_loading_layers+serving_api | nvidia_cuda,1,5649,0.0001770224818551956
performance | production_code | kernels_operators+speculative_decoding+worker_model_runner | backend_agnostic,1,5649,0.0001770224818551956
bugfix | production_code | kv_cache_data_movement+worker_model_runner | amd_rocm+nvidia_cuda,1,5649,0.0001770224818551956
feature | build+documentation_examples+production_code+tests | attention+compilation+engine+input_processing_multimodal+kernels_operators+kv_cache_data_movement+model_implementation+moe+quantization+sampling+scheduler+speculative_decoding+worker_model_runner | amd_rocm+cpu+nvidia_cuda,1,5649,0.0001770224818551956
documentation | ci+documentation_examples+production_code | serving_api | amd_rocm+nvidia_cuda,1,5649,0.0001770224818551956
feature | production_code+tests | device_platform+kv_cache_data_movement+quantization | amd_rocm+nvidia_cuda,1,5649,0.0001770224818551956
bugfix | documentation_examples+production_code+tests | distributed_execution+serving_api | backend_agnostic,1,5649,0.0001770224818551956
documentation | developer_tooling+documentation_examples | support_only | amd_rocm+cpu+intel_xpu+nvidia_cuda,1,5649,0.0001770224818551956
bugfix | production_code | compilation | amd_rocm+nvidia_cuda,1,5649,0.0001770224818551956
bugfix | benchmarks+production_code+tests | other | backend_agnostic,1,5649,0.0001770224818551956
feature | developer_tooling+documentation_examples | support_only | backend_agnostic,1,5649,0.0001770224818551956
bugfix | production_code | model_implementation+moe | amd_rocm,1,5649,0.0001770224818551956
feature | documentation_examples+production_code+tests | compilation+configuration_shared_infrastructure+device_platform+distributed_execution+kernels_operators+model_loading_layers | amd_rocm+intel_xpu+nvidia_cuda,1,5649,0.0001770224818551956
feature | developer_tooling+documentation_examples+production_code+tests | attention | amd_rocm+nvidia_cuda,1,5649,0.0001770224818551956
feature | production_code | kernels_operators+scheduler+worker_model_runner | backend_agnostic,1,5649,0.0001770224818551956
test | benchmarks+ci+documentation_examples+tests | support_only | backend_agnostic,1,5649,0.0001770224818551956
feature | ci+production_code+tests | compilation+distributed_execution+kernels_operators | amd_rocm,1,5649,0.0001770224818551956
performance | documentation_examples+production_code | attention+kernels_operators+model_implementation | amd_rocm,1,5649,0.0001770224818551956
performance | production_code+tests | kernels_operators+model_loading_layers+quantization | amd_rocm,1,5649,0.0001770224818551956
feature | developer_tooling+documentation_examples+production_code+tests | attention+kv_cache_data_movement+quantization | nvidia_cuda,1,5649,0.0001770224818551956
feature | documentation_examples+production_code+tests | attention+input_processing_multimodal+model_implementation+moe | backend_agnostic,1,5649,0.0001770224818551956
feature | documentation_examples+production_code+tests | engine+input_processing_multimodal+serving_api+worker_model_runner | backend_agnostic,1,5649,0.0001770224818551956
bugfix | documentation_examples+production_code | attention | backend_agnostic,1,5649,0.0001770224818551956
refactor | production_code+tests | kv_cache_data_movement+scheduler | backend_agnostic,1,5649,0.0001770224818551956
feature | documentation_examples+production_code | distributed_execution+moe+quantization | nvidia_cuda,1,5649,0.0001770224818551956
performance | benchmarks+production_code+tests | kernels_operators+moe+quantization | amd_rocm+nvidia_cuda,1,5649,0.0001770224818551956
build | build+tests | support_only | amd_rocm+nvidia_cuda,1,5649,0.0001770224818551956
feature | build+production_code | distributed_execution+moe | amd_rocm,1,5649,0.0001770224818551956
performance | production_code | distributed_execution+moe | amd_rocm+nvidia_cuda,1,5649,0.0001770224818551956
feature | build+production_code | moe | backend_agnostic,1,5649,0.0001770224818551956
performance | benchmarks+documentation_examples+production_code+tests | kv_cache_data_movement | backend_agnostic,1,5649,0.0001770224818551956
bugfix | ci+production_code+tests | attention+kernels_operators | backend_agnostic,1,5649,0.0001770224818551956
bugfix | production_code+tests | attention+kernels_operators+quantization | nvidia_cuda,1,5649,0.0001770224818551956
feature | production_code | worker_model_runner | amd_rocm,1,5649,0.0001770224818551956
bugfix | production_code+tests | quantization | nvidia_cuda,1,5649,0.0001770224818551956
feature | production_code | compilation+configuration_shared_infrastructure+model_implementation | backend_agnostic,1,5649,0.0001770224818551956
refactor | production_code | compilation+worker_model_runner | nvidia_cuda,1,5649,0.0001770224818551956
bugfix | production_code | attention+compilation | amd_rocm+nvidia_cuda,1,5649,0.0001770224818551956
refactor | production_code | device_platform | amd_rocm+nvidia_cuda,1,5649,0.0001770224818551956
performance | production_code | compilation+model_implementation | amd_rocm+nvidia_cuda,1,5649,0.0001770224818551956
bugfix | production_code | model_loading_layers+quantization | google_tpu,1,5649,0.0001770224818551956
performance | documentation_examples+production_code | compilation+device_platform | amd_rocm,1,5649,0.0001770224818551956
bugfix | production_code+tests | kernels_operators+moe+quantization | amd_rocm,1,5649,0.0001770224818551956
refactor | production_code | kv_cache_data_movement+scheduler | backend_agnostic,1,5649,0.0001770224818551956
refactor | benchmarks+documentation_examples+production_code+tests | input_processing_multimodal | backend_agnostic,1,5649,0.0001770224818551956
refactor | production_code+tests | scheduler | backend_agnostic,1,5649,0.0001770224818551956
feature | production_code+tests | speculative_decoding | nvidia_cuda,1,5649,0.0001770224818551956
performance | production_code+tests | kernels_operators+lora | amd_rocm+nvidia_cuda,1,5649,0.0001770224818551956
performance | build+production_code | device_platform | cpu,1,5649,0.0001770224818551956
bugfix | production_code+tests | quantization+speculative_decoding | backend_agnostic,1,5649,0.0001770224818551956
feature | production_code | attention+device_platform+kernels_operators+quantization | intel_xpu,1,5649,0.0001770224818551956
performance | ci+documentation_examples+production_code+tests | attention+device_platform+kernels_operators | amd_rocm,1,5649,0.0001770224818551956
bugfix | ci+production_code+tests | kernels_operators+lora+moe+quantization | amd_rocm+nvidia_cuda,1,5649,0.0001770224818551956
performance | documentation_examples+production_code+tests | compilation | backend_agnostic,1,5649,0.0001770224818551956
refactor | production_code | compilation+distributed_execution+worker_model_runner | backend_agnostic,1,5649,0.0001770224818551956
bugfix | production_code | reliability_observability | intel_xpu,1,5649,0.0001770224818551956
ci | ci+developer_tooling+production_code | attention+model_loading_layers | backend_agnostic,1,5649,0.0001770224818551956
performance | production_code | kv_cache_data_movement+scheduler | backend_agnostic,1,5649,0.0001770224818551956
feature | documentation_examples+production_code+tests | configuration_shared_infrastructure+sampling+serving_api+worker_model_runner | backend_agnostic,1,5649,0.0001770224818551956
feature | documentation_examples+production_code+tests | model_implementation+serving_api | amd_rocm,1,5649,0.0001770224818551956
bugfix | build+ci+production_code | kernels_operators+kv_cache_data_movement+quantization+worker_model_runner | cpu,1,5649,0.0001770224818551956
refactor | benchmarks+documentation_examples+production_code+tests | configuration_shared_infrastructure+engine | backend_agnostic,1,5649,0.0001770224818551956
bugfix | documentation_examples+production_code | serving_api | backend_agnostic,1,5649,0.0001770224818551956
bugfix | developer_tooling+production_code | compilation | backend_agnostic,1,5649,0.0001770224818551956
bugfix | production_code+tests | attention+kernels_operators+kv_cache_data_movement+model_implementation+worker_model_runner | amd_rocm+nvidia_cuda,1,5649,0.0001770224818551956
performance | production_code+tests | distributed_execution+kernels_operators+moe | backend_agnostic,1,5649,0.0001770224818551956
feature | production_code+tests | attention+compilation+kernels_operators+kv_cache_data_movement+model_implementation+speculative_decoding+worker_model_runner | nvidia_cuda,1,5649,0.0001770224818551956
bugfix | production_code+tests | attention+device_platform+kv_cache_data_movement+model_implementation | intel_xpu,1,5649,0.0001770224818551956
bugfix | build+production_code+tests | kernels_operators+moe+quantization | nvidia_cuda,1,5649,0.0001770224818551956
feature | production_code+tests | kernels_operators+model_loading_layers+serving_api | nvidia_cuda,1,5649,0.0001770224818551956
bugfix | production_code | attention+kernels_operators | backend_agnostic,1,5649,0.0001770224818551956
bugfix | ci+production_code+tests | worker_model_runner | cpu,1,5649,0.0001770224818551956
bugfix | production_code | distributed_execution+kernels_operators+moe | amd_rocm,1,5649,0.0001770224818551956
feature | production_code | model_implementation+model_loading_layers+quantization | backend_agnostic,1,5649,0.0001770224818551956
bugfix | production_code | model_loading_layers | amd_rocm+nvidia_cuda,1,5649,0.0001770224818551956
test | production_code+tests | serving_api | amd_rocm,1,5649,0.0001770224818551956
performance | production_code+tests | model_implementation+worker_model_runner | backend_agnostic,1,5649,0.0001770224818551956
bugfix | developer_tooling+documentation_examples+production_code+tests | attention+reliability_observability | amd_rocm,1,5649,0.0001770224818551956
maintenance | benchmarks+developer_tooling | support_only | backend_agnostic,1,5649,0.0001770224818551956
bugfix | benchmarks | support_only | amd_rocm,1,5649,0.0001770224818551956
performance | production_code | compilation+moe | nvidia_cuda,1,5649,0.0001770224818551956
feature | production_code+tests | model_loading_layers+moe+quantization | backend_agnostic,1,5649,0.0001770224818551956
bugfix | documentation_examples+production_code+tests | sampling | backend_agnostic,1,5649,0.0001770224818551956
refactor | ci+production_code+tests | moe | backend_agnostic,1,5649,0.0001770224818551956
refactor | production_code | kernels_operators+moe+quantization | amd_rocm+nvidia_cuda,1,5649,0.0001770224818551956
feature | production_code+tests | kernels_operators+quantization | cpu,1,5649,0.0001770224818551956
refactor | production_code | attention+model_implementation | backend_agnostic,1,5649,0.0001770224818551956
feature | production_code+tests | attention+kv_cache_data_movement | amd_rocm+cpu+nvidia_cuda,1,5649,0.0001770224818551956
feature | ci+production_code+tests | kernels_operators+speculative_decoding+worker_model_runner | backend_agnostic,1,5649,0.0001770224818551956
bugfix | ci+production_code+tests | model_loading_layers+quantization+worker_model_runner | amd_rocm+nvidia_cuda,1,5649,0.0001770224818551956
refactor | ci+tests | support_only | amd_rocm,1,5649,0.0001770224818551956
maintenance | documentation_examples+production_code+tests | model_loading_layers+serving_api+worker_model_runner | backend_agnostic,1,5649,0.0001770224818551956
bugfix | production_code | compilation | intel_xpu,1,5649,0.0001770224818551956
maintenance | benchmarks+production_code+tests | serving_api | backend_agnostic,1,5649,0.0001770224818551956
bugfix | ci+production_code+tests | lora+model_implementation | backend_agnostic,1,5649,0.0001770224818551956
performance | production_code | configuration_shared_infrastructure | backend_agnostic,1,5649,0.0001770224818551956
refactor | documentation_examples+production_code | moe | nvidia_cuda,1,5649,0.0001770224818551956
refactor | production_code | moe | nvidia_cuda,1,5649,0.0001770224818551956
refactor | documentation_examples+production_code | compilation+model_implementation | backend_agnostic,1,5649,0.0001770224818551956
refactor | build+production_code | device_platform+kernels_operators | nvidia_cuda,1,5649,0.0001770224818551956
maintenance | production_code | lora | backend_agnostic,1,5649,0.0001770224818551956
documentation | build+developer_tooling+documentation_examples | support_only | backend_agnostic,1,5649,0.0001770224818551956
feature | production_code | input_processing_multimodal+model_implementation+worker_model_runner | backend_agnostic,1,5649,0.0001770224818551956
refactor | production_code+tests | attention+kv_cache_data_movement+model_implementation+worker_model_runner | amd_rocm+nvidia_cuda,1,5649,0.0001770224818551956
feature | production_code | kernels_operators+speculative_decoding | backend_agnostic,1,5649,0.0001770224818551956
bugfix | documentation_examples+production_code | model_loading_layers | backend_agnostic,1,5649,0.0001770224818551956
bugfix | production_code+tests | reliability_observability | amd_rocm+cpu+intel_xpu+nvidia_cuda,1,5649,0.0001770224818551956
refactor | production_code+tests | attention+configuration_shared_infrastructure+kv_cache_data_movement+model_implementation | amd_rocm+nvidia_cuda,1,5649,0.0001770224818551956
performance | benchmarks+build+production_code+tests | compilation+kernels_operators+lora+model_implementation+moe | nvidia_cuda,1,5649,0.0001770224818551956
performance | production_code+tests | compilation+moe+quantization | nvidia_cuda,1,5649,0.0001770224818551956
bugfix | production_code | reliability_observability | cpu+nvidia_cuda,1,5649,0.0001770224818551956
bugfix | ci+production_code | distributed_execution+engine+moe | nvidia_cuda,1,5649,0.0001770224818551956
build | build+production_code+tests | serving_api | backend_agnostic,1,5649,0.0001770224818551956
documentation | ci+documentation_examples | support_only | amd_rocm+nvidia_cuda,1,5649,0.0001770224818551956
bugfix | production_code | compilation+device_platform | cpu,1,5649,0.0001770224818551956
test | ci+tests | support_only | amd_rocm+intel_xpu,1,5649,0.0001770224818551956
refactor | production_code+tests | worker_model_runner | google_tpu,1,5649,0.0001770224818551956
refactor | ci+developer_tooling+tests | support_only | amd_rocm,1,5649,0.0001770224818551956
bugfix | production_code | input_processing_multimodal+speculative_decoding+worker_model_runner | backend_agnostic,1,5649,0.0001770224818551956
other | benchmarks+build+ci+production_code+tests | kernels_operators+quantization | nvidia_cuda,1,5649,0.0001770224818551956
performance | production_code+tests | compilation+kernels_operators+kv_cache_data_movement+speculative_decoding+worker_model_runner | backend_agnostic,1,5649,0.0001770224818551956
ci | developer_tooling+production_code | compilation+configuration_shared_infrastructure | backend_agnostic,1,5649,0.0001770224818551956
refactor | production_code | kernels_operators+moe+quantization | intel_xpu,1,5649,0.0001770224818551956
bugfix | documentation_examples+production_code | reliability_observability+serving_api | backend_agnostic,1,5649,0.0001770224818551956
performance | production_code | kernels_operators+quantization | amd_rocm+cpu,1,5649,0.0001770224818551956
performance | production_code+tests | attention+compilation+distributed_execution+model_implementation+worker_model_runner | nvidia_cuda,1,5649,0.0001770224818551956
feature | production_code | compilation+distributed_execution+worker_model_runner | backend_agnostic,1,5649,0.0001770224818551956
bugfix | production_code | kernels_operators+sampling+speculative_decoding | backend_agnostic,1,5649,0.0001770224818551956
feature | production_code | model_implementation+moe+speculative_decoding | backend_agnostic,1,5649,0.0001770224818551956
feature | production_code | input_processing_multimodal+speculative_decoding+worker_model_runner | backend_agnostic,1,5649,0.0001770224818551956
refactor | documentation_examples+production_code+tests | moe | nvidia_cuda,1,5649,0.0001770224818551956
refactor | ci+developer_tooling+tests | support_only | amd_rocm+google_tpu,1,5649,0.0001770224818551956
maintenance | ci+production_code+tests | device_platform+quantization | amd_rocm,1,5649,0.0001770224818551956
feature | production_code+tests | engine+input_processing_multimodal+serving_api | backend_agnostic,1,5649,0.0001770224818551956
feature | production_code | compilation | nvidia_cuda,1,5649,0.0001770224818551956
feature | build+production_code | distributed_execution+kernels_operators+moe | amd_rocm,1,5649,0.0001770224818551956
refactor | documentation_examples+production_code+tests | kernels_operators+moe+quantization | amd_rocm+nvidia_cuda,1,5649,0.0001770224818551956
build | benchmarks+build+production_code+tests | input_processing_multimodal+model_implementation+serving_api | backend_agnostic,1,5649,0.0001770224818551956
bugfix | production_code | compilation+distributed_execution+engine+moe+worker_model_runner | amd_rocm+nvidia_cuda,1,5649,0.0001770224818551956
refactor | production_code | kv_cache_data_movement+moe | amd_rocm,1,5649,0.0001770224818551956
bugfix | production_code+tests | attention+kv_cache_data_movement+model_implementation+worker_model_runner | backend_agnostic,1,5649,0.0001770224818551956
bugfix | ci+production_code+tests | kernels_operators+moe | nvidia_cuda,1,5649,0.0001770224818551956
refactor | production_code | device_platform | nvidia_cuda,1,5649,0.0001770224818551956
feature | ci+production_code+tests | attention+speculative_decoding+worker_model_runner | nvidia_cuda,1,5649,0.0001770224818551956
performance | production_code | kernels_operators+kv_cache_data_movement+worker_model_runner | backend_agnostic,1,5649,0.0001770224818551956
refactor | production_code+tests | moe | nvidia_cuda,1,5649,0.0001770224818551956
ci | developer_tooling+production_code | attention+kernels_operators | amd_rocm+nvidia_cuda,1,5649,0.0001770224818551956
feature | production_code | model_loading_layers+moe+quantization | backend_agnostic,1,5649,0.0001770224818551956
build | build+documentation_examples+production_code+tests | kernels_operators+worker_model_runner | nvidia_cuda,1,5649,0.0001770224818551956
refactor | benchmarks+production_code+tests | compilation+kernels_operators+quantization | amd_rocm+nvidia_cuda,1,5649,0.0001770224818551956
refactor | benchmarks+documentation_examples+production_code+tests | kernels_operators+moe | nvidia_cuda,1,5649,0.0001770224818551956
bugfix | documentation_examples+production_code+tests | input_processing_multimodal+other+serving_api | backend_agnostic,1,5649,0.0001770224818551956
feature | build+production_code | attention | nvidia_cuda,1,5649,0.0001770224818551956
performance | ci+production_code+tests | attention+kernels_operators | amd_rocm+nvidia_cuda,1,5649,0.0001770224818551956
feature | documentation_examples+production_code+tests | configuration_shared_infrastructure+device_platform+engine+serving_api+worker_model_runner | nvidia_cuda,1,5649,0.0001770224818551956
build | build+production_code | attention | nvidia_cuda,1,5649,0.0001770224818551956
documentation | documentation_examples | support_only | amd_rocm+cpu+google_tpu+intel_xpu+nvidia_cuda+other,1,5649,0.0001770224818551956
build | build+ci+developer_tooling+documentation_examples+production_code+tests | compilation+kernels_operators+moe | amd_rocm+cpu+intel_xpu+nvidia_cuda,1,5649,0.0001770224818551956
feature | production_code | device_platform+kernels_operators+quantization | intel_xpu,1,5649,0.0001770224818551956
performance | benchmarks | support_only | cpu+nvidia_cuda+other,1,5649,0.0001770224818551956
bugfix | production_code | attention+moe | intel_xpu,1,5649,0.0001770224818551956
feature | build+production_code+tests | kernels_operators+kv_cache_data_movement | nvidia_cuda,1,5649,0.0001770224818551956
documentation | other | support_only | backend_agnostic,1,5649,0.0001770224818551956
bugfix | production_code | compilation | amd_rocm+ascend_npu,1,5649,0.0001770224818551956
bugfix | production_code+tests | compilation+kernels_operators+model_implementation+quantization | amd_rocm+intel_xpu,1,5649,0.0001770224818551956
test | tests | support_only | amd_rocm+google_tpu+intel_xpu,1,5649,0.0001770224818551956
refactor | documentation_examples+production_code | moe+quantization | backend_agnostic,1,5649,0.0001770224818551956
feature | production_code+tests | device_platform+model_loading_layers+quantization | amd_rocm+nvidia_cuda,1,5649,0.0001770224818551956
refactor | production_code | attention | backend_agnostic,1,5649,0.0001770224818551956
test | ci+production_code+tests | moe | nvidia_cuda,1,5649,0.0001770224818551956
refactor | production_code | compilation+distributed_execution+model_implementation+moe | backend_agnostic,1,5649,0.0001770224818551956
performance | production_code | attention+speculative_decoding | backend_agnostic,1,5649,0.0001770224818551956
feature | build+production_code+tests | input_processing_multimodal+sampling | amd_rocm,1,5649,0.0001770224818551956
refactor | production_code+tests | attention+compilation | amd_rocm+cpu+intel_xpu+nvidia_cuda,1,5649,0.0001770224818551956
refactor | documentation_examples+production_code+tests | kv_cache_data_movement | backend_agnostic,1,5649,0.0001770224818551956
feature | ci+production_code | attention+kernels_operators | intel_xpu,1,5649,0.0001770224818551956
bugfix | production_code | input_processing_multimodal+model_implementation+speculative_decoding | backend_agnostic,1,5649,0.0001770224818551956
build | build+ci+developer_tooling+documentation_examples+tests | support_only | amd_rocm+cpu+intel_xpu+nvidia_cuda+other,1,5649,0.0001770224818551956
feature | production_code | kv_cache_data_movement+model_implementation+speculative_decoding | backend_agnostic,1,5649,0.0001770224818551956
feature | documentation_examples+production_code | model_loading_layers | backend_agnostic,1,5649,0.0001770224818551956
performance | build+ci+production_code+tests | compilation+distributed_execution+kernels_operators+model_implementation | nvidia_cuda,1,5649,0.0001770224818551956
feature | production_code | attention+compilation+distributed_execution+worker_model_runner | nvidia_cuda,1,5649,0.0001770224818551956
feature | developer_tooling+documentation_examples+production_code+tests | input_processing_multimodal+model_implementation+model_loading_layers+serving_api | backend_agnostic,1,5649,0.0001770224818551956
feature | documentation_examples+production_code | lora+model_implementation+worker_model_runner | backend_agnostic,1,5649,0.0001770224818551956
performance | production_code+tests | attention+compilation+configuration_shared_infrastructure+model_implementation+moe | amd_rocm+nvidia_cuda,1,5649,0.0001770224818551956
maintenance | developer_tooling+documentation_examples | support_only | cpu+intel_xpu,1,5649,0.0001770224818551956
performance | production_code | attention+worker_model_runner | backend_agnostic,1,5649,0.0001770224818551956
bugfix | production_code+tests | attention+kv_cache_data_movement | cpu+intel_xpu+nvidia_cuda,1,5649,0.0001770224818551956
bugfix | production_code | reliability_observability | cpu,1,5649,0.0001770224818551956
bugfix | production_code | kernels_operators+kv_cache_data_movement | amd_rocm+nvidia_cuda,1,5649,0.0001770224818551956
maintenance | production_code | distributed_execution+worker_model_runner | backend_agnostic,1,5649,0.0001770224818551956
feature | documentation_examples+production_code+tests | attention+distributed_execution+input_processing_multimodal+model_implementation+model_loading_layers+speculative_decoding | backend_agnostic,1,5649,0.0001770224818551956
feature | build+production_code | kernels_operators+speculative_decoding+worker_model_runner | cpu,1,5649,0.0001770224818551956
feature | documentation_examples+production_code+tests | configuration_shared_infrastructure+engine+sampling | backend_agnostic,1,5649,0.0001770224818551956
performance | production_code+tests | compilation+sampling | backend_agnostic,1,5649,0.0001770224818551956
test | production_code+tests | configuration_shared_infrastructure | amd_rocm,1,5649,0.0001770224818551956
refactor | production_code | distributed_execution+engine+serving_api | backend_agnostic,1,5649,0.0001770224818551956
documentation | documentation_examples | support_only | amd_rocm+ascend_npu+cpu+google_tpu+intel_xpu+nvidia_cuda+other,1,5649,0.0001770224818551956
bugfix | production_code | attention+kernels_operators+quantization | amd_rocm,1,5649,0.0001770224818551956
performance | production_code | worker_model_runner | amd_rocm+cpu+intel_xpu+nvidia_cuda,1,5649,0.0001770224818551956
refactor | production_code | attention+kernels_operators | nvidia_cuda,1,5649,0.0001770224818551956
feature | benchmarks+developer_tooling+production_code+tests | device_platform | amd_rocm+cpu+intel_xpu+nvidia_cuda,1,5649,0.0001770224818551956
bugfix | developer_tooling+documentation_examples+production_code | attention | nvidia_cuda,1,5649,0.0001770224818551956
feature | benchmarks+build+documentation_examples+production_code+tests | compilation+kernels_operators+quantization | nvidia_cuda,1,5649,0.0001770224818551956
build | production_code | kernels_operators+quantization | nvidia_cuda,1,5649,0.0001770224818551956
refactor | documentation_examples+production_code+tests | sampling | backend_agnostic,1,5649,0.0001770224818551956
bugfix | production_code+tests | attention+kernels_operators+kv_cache_data_movement | backend_agnostic,1,5649,0.0001770224818551956
refactor | build+production_code+tests | distributed_execution+kernels_operators+lora+moe+quantization | amd_rocm+nvidia_cuda,1,5649,0.0001770224818551956
performance | benchmarks+production_code+tests | kernels_operators+model_implementation | backend_agnostic,1,5649,0.0001770224818551956
performance | production_code+tests | input_processing_multimodal+model_implementation+worker_model_runner | nvidia_cuda,1,5649,0.0001770224818551956
feature | documentation_examples+production_code+tests | attention+kernels_operators | cpu,1,5649,0.0001770224818551956
refactor | production_code | attention+configuration_shared_infrastructure+device_platform+kernels_operators+quantization+worker_model_runner | amd_rocm+cpu+intel_xpu+nvidia_cuda,1,5649,0.0001770224818551956
feature | ci+developer_tooling+production_code+tests | compilation+configuration_shared_infrastructure+device_platform+kernels_operators+model_loading_layers | amd_rocm+intel_xpu+nvidia_cuda,1,5649,0.0001770224818551956
feature | production_code+tests | kernels_operators+kv_cache_data_movement | cpu+nvidia_cuda,1,5649,0.0001770224818551956
bugfix | production_code | speculative_decoding | amd_rocm,1,5649,0.0001770224818551956
feature | documentation_examples+production_code+tests | attention+model_implementation+model_loading_layers+moe | backend_agnostic,1,5649,0.0001770224818551956
feature | production_code | reliability_observability+serving_api | backend_agnostic,1,5649,0.0001770224818551956
refactor | production_code+tests | kv_cache_data_movement+worker_model_runner | cpu+intel_xpu,1,5649,0.0001770224818551956
refactor | production_code+tests | distributed_execution+kernels_operators+lora+moe | amd_rocm+intel_xpu+nvidia_cuda,1,5649,0.0001770224818551956
refactor | documentation_examples+production_code+tests | attention+compilation+quantization | amd_rocm+nvidia_cuda,1,5649,0.0001770224818551956
bugfix | ci+production_code | quantization | cpu+intel_xpu,1,5649,0.0001770224818551956
documentation | documentation_examples | support_only | google_tpu+nvidia_cuda,1,5649,0.0001770224818551956
refactor | production_code | model_loading_layers+quantization+reliability_observability | nvidia_cuda,1,5649,0.0001770224818551956
feature | developer_tooling+production_code+tests | device_platform+distributed_execution | amd_rocm+intel_xpu+nvidia_cuda,1,5649,0.0001770224818551956
bugfix | production_code | attention+compilation | backend_agnostic,1,5649,0.0001770224818551956
feature | ci+production_code+tests | distributed_execution+moe | nvidia_cuda,1,5649,0.0001770224818551956
refactor | production_code+tests | input_processing_multimodal+serving_api | amd_rocm,1,5649,0.0001770224818551956
performance | build+ci+production_code+tests | kernels_operators+quantization | cpu,1,5649,0.0001770224818551956
feature | production_code+tests | kernels_operators | backend_agnostic,1,5649,0.0001770224818551956
feature | documentation_examples+production_code+tests | sampling+serving_api+worker_model_runner | backend_agnostic,1,5649,0.0001770224818551956
feature | ci+production_code+tests | kernels_operators+quantization | amd_rocm,1,5649,0.0001770224818551956
ci | ci+production_code+tests | device_platform | amd_rocm,1,5649,0.0001770224818551956
other | build+production_code | device_platform+quantization | amd_rocm,1,5649,0.0001770224818551956
bugfix | production_code | compilation+kernels_operators+model_loading_layers | amd_rocm+intel_xpu+nvidia_cuda,1,5649,0.0001770224818551956
refactor | production_code | compilation+kernels_operators+model_implementation+model_loading_layers | amd_rocm+intel_xpu+nvidia_cuda,1,5649,0.0001770224818551956
bugfix | production_code | model_implementation+model_loading_layers+quantization+speculative_decoding | nvidia_cuda,1,5649,0.0001770224818551956
feature | production_code | device_platform+kernels_operators | backend_agnostic,1,5649,0.0001770224818551956
feature | production_code+tests | model_loading_layers+moe+quantization | amd_rocm+nvidia_cuda,1,5649,0.0001770224818551956
bugfix | build+production_code | moe+quantization | intel_xpu,1,5649,0.0001770224818551956
bugfix | ci+production_code+tests | device_platform+distributed_execution+worker_model_runner | cpu,1,5649,0.0001770224818551956
feature | production_code+tests | attention+compilation+worker_model_runner | nvidia_cuda,1,5649,0.0001770224818551956
feature | ci+production_code+tests | input_processing_multimodal+model_implementation | backend_agnostic,1,5649,0.0001770224818551956
test | tests | support_only | amd_rocm+cpu+intel_xpu+nvidia_cuda+other,1,5649,0.0001770224818551956
feature | ci+production_code+tests | distributed_execution+worker_model_runner | backend_agnostic,1,5649,0.0001770224818551956
performance | benchmarks+production_code+tests | attention+kernels_operators | amd_rocm+nvidia_cuda,1,5649,0.0001770224818551956
feature | ci+documentation_examples+production_code+tests | attention+compilation+quantization | amd_rocm+nvidia_cuda,1,5649,0.0001770224818551956
feature | production_code | attention+device_platform+model_loading_layers | intel_xpu,1,5649,0.0001770224818551956
feature | documentation_examples+production_code+tests | attention+model_implementation | backend_agnostic,1,5649,0.0001770224818551956
performance | production_code+tests | kernels_operators+kv_cache_data_movement+model_implementation | backend_agnostic,1,5649,0.0001770224818551956
feature | production_code+tests | attention+input_processing_multimodal+model_implementation+model_loading_layers+moe+serving_api | backend_agnostic,1,5649,0.0001770224818551956
build | build+ci | support_only | amd_rocm+nvidia_cuda,1,5649,0.0001770224818551956
bugfix | production_code+tests | serving_api+worker_model_runner | backend_agnostic,1,5649,0.0001770224818551956
feature | documentation_examples+production_code+tests | attention+kernels_operators+kv_cache_data_movement+quantization | amd_rocm+intel_xpu+nvidia_cuda,1,5649,0.0001770224818551956
performance | production_code+tests | attention+kernels_operators | backend_agnostic,1,5649,0.0001770224818551956
feature | production_code | device_platform+kernels_operators+moe | amd_rocm,1,5649,0.0001770224818551956
feature | production_code+tests | attention+kernels_operators+moe | cpu,1,5649,0.0001770224818551956
bugfix | benchmarks+build+production_code+tests | kernels_operators+lora+model_implementation+moe | nvidia_cuda,1,5649,0.0001770224818551956
performance | production_code | attention+model_implementation+model_loading_layers+speculative_decoding | backend_agnostic,1,5649,0.0001770224818551956
performance | production_code | kernels_operators+kv_cache_data_movement | amd_rocm+nvidia_cuda,1,5649,0.0001770224818551956
